"province_state","country_region","last_update","confirmed","deaths","recovered","day","hubei_ornot","china_ornot"
"Hubei","Mainland China",2020-01-29 21:00:00,4586,162,90,2020-01-29,"Hubei","Mainland China"
"Zhejiang","Mainland China",2020-01-29 21:00:00,428,NA,4,2020-01-29,"Outside Hubei","Mainland China"
"Guangdong","Mainland China",2020-01-29 21:00:00,311,NA,6,2020-01-29,"Outside Hubei","Mainland China"
"Henan","Mainland China",2020-01-29 21:00:00,278,2,2,2020-01-29,"Outside Hubei","Mainland China"
"Hunan","Mainland China",2020-01-29 21:00:00,277,NA,NA,2020-01-29,"Outside Hubei","Mainland China"
"Anhui","Mainland China",2020-01-29 21:00:00,200,NA,2,2020-01-29,"Outside Hubei","Mainland China"
"Chongqing","Mainland China",2020-01-29 21:00:00,165,NA,1,2020-01-29,"Outside Hubei","Mainland China"
"Jiangxi","Mainland China",2020-01-29 21:00:00,162,NA,4,2020-01-29,"Outside Hubei","Mainland China"
"Shandong","Mainland China",2020-01-29 21:00:00,145,NA,1,2020-01-29,"Outside Hubei","Mainland China"
"Sichuan","Mainland China",2020-01-29 21:00:00,142,1,1,2020-01-29,"Outside Hubei","Mainland China"
"Jiangsu","Mainland China",2020-01-29 21:00:00,129,NA,1,2020-01-29,"Outside Hubei","Mainland China"
"Beijing","Mainland China",2020-01-29 21:00:00,111,1,4,2020-01-29,"Outside Hubei","Mainland China"
"Shanghai","Mainland China",2020-01-29 21:00:00,101,1,5,2020-01-29,"Outside Hubei","Mainland China"
"Fujian","Mainland China",2020-01-29 21:00:00,101,NA,NA,2020-01-29,"Outside Hubei","Mainland China"
"Guangxi","Mainland China",2020-01-29 21:00:00,78,NA,2,2020-01-29,"Outside Hubei","Mainland China"
"Hebei","Mainland China",2020-01-29 21:00:00,65,1,NA,2020-01-29,"Outside Hubei","Mainland China"
"Shaanxi","Mainland China",2020-01-29 21:00:00,56,NA,NA,2020-01-29,"Outside Hubei","Mainland China"
"Yunnan","Mainland China",2020-01-29 21:00:00,55,NA,NA,2020-01-29,"Outside Hubei","Mainland China"
"Hainan","Mainland China",2020-01-29 21:00:00,43,1,NA,2020-01-29,"Outside Hubei","Mainland China"
"Heilongjiang","Mainland China",2020-01-29 21:00:00,43,1,NA,2020-01-29,"Outside Hubei","Mainland China"
"Liaoning","Mainland China",2020-01-29 21:00:00,39,NA,1,2020-01-29,"Outside Hubei","Mainland China"
"Shanxi","Mainland China",2020-01-29 21:00:00,35,NA,1,2020-01-29,"Outside Hubei","Mainland China"
"Tianjin","Mainland China",2020-01-29 21:00:00,27,NA,NA,2020-01-29,"Outside Hubei","Mainland China"
"Gansu","Mainland China",2020-01-29 21:00:00,26,NA,NA,2020-01-29,"Outside Hubei","Mainland China"
"Inner Mongolia","Mainland China",2020-01-29 21:00:00,16,NA,NA,2020-01-29,"Outside Hubei","Mainland China"
"Jilin","Mainland China",2020-01-29 21:00:00,14,NA,1,2020-01-29,"Outside Hubei","Mainland China"
"Xinjiang","Mainland China",2020-01-29 21:00:00,14,NA,NA,2020-01-29,"Outside Hubei","Mainland China"
"Guizhou","Mainland China",2020-01-29 21:00:00,12,NA,1,2020-01-29,"Outside Hubei","Mainland China"
"Ningxia","Mainland China",2020-01-29 21:00:00,12,NA,NA,2020-01-29,"Outside Hubei","Mainland China"
"Hong Kong","Hong Kong",2020-01-29 21:00:00,10,NA,NA,2020-01-29,"Outside Hubei","Outside China"
"Taiwan","Taiwan",2020-01-29 21:00:00,8,NA,NA,2020-01-29,"Outside Hubei","Outside China"
"Macau","Macau",2020-01-29 21:00:00,7,NA,NA,2020-01-29,"Outside Hubei","Outside China"
"Qinghai","Mainland China",2020-01-29 21:00:00,6,NA,NA,2020-01-29,"Outside Hubei","Mainland China"
"Tibet","Mainland China",2020-01-29 21:00:00,1,NA,NA,2020-01-29,"Outside Hubei","Mainland China"
"Washington","US",2020-01-29 21:00:00,1,NA,NA,2020-01-29,"Outside Hubei","Outside China"
"Illinois","US",2020-01-29 21:00:00,1,NA,NA,2020-01-29,"Outside Hubei","Outside China"
"California","US",2020-01-29 21:00:00,2,NA,NA,2020-01-29,"Outside Hubei","Outside China"
"Arizona","US",2020-01-29 21:00:00,1,NA,NA,2020-01-29,"Outside Hubei","Outside China"
NA,"Japan",2020-01-29 21:00:00,11,NA,1,2020-01-29,"Outside Hubei","Outside China"
NA,"Thailand",2020-01-29 21:00:00,14,NA,5,2020-01-29,"Outside Hubei","Outside China"
NA,"South Korea",2020-01-29 21:00:00,4,NA,NA,2020-01-29,"Outside Hubei","Outside China"
NA,"Singapore",2020-01-29 21:00:00,10,NA,NA,2020-01-29,"Outside Hubei","Outside China"
NA,"Vietnam",2020-01-29 21:00:00,2,NA,NA,2020-01-29,"Outside Hubei","Outside China"
NA,"France",2020-01-29 21:00:00,5,NA,NA,2020-01-29,"Outside Hubei","Outside China"
NA,"Nepal",2020-01-29 21:00:00,1,NA,NA,2020-01-29,"Outside Hubei","Outside China"
NA,"Malaysia",2020-01-29 21:00:00,7,NA,NA,2020-01-29,"Outside Hubei","Outside China"
"Ontario","Canada",2020-01-29 21:00:00,2,NA,NA,2020-01-29,"Outside Hubei","Outside China"
"British Columbia","Canada",2020-01-29 21:00:00,1,NA,NA,2020-01-29,"Outside Hubei","Outside China"
NA,"Cambodia",2020-01-29 21:00:00,1,NA,NA,2020-01-29,"Outside Hubei","Outside China"
NA,"Sri Lanka",2020-01-29 21:00:00,1,NA,NA,2020-01-29,"Outside Hubei","Outside China"
"New South Wales","Australia",2020-01-29 21:00:00,4,NA,NA,2020-01-29,"Outside Hubei","Outside China"
"Victoria","Australia",2020-01-29 21:00:00,2,NA,NA,2020-01-29,"Outside Hubei","Outside China"
"Queensland","Australia",2020-01-29 21:00:00,1,NA,NA,2020-01-29,"Outside Hubei","Outside China"
"Bavaria","Germany",2020-01-29 21:00:00,4,NA,NA,2020-01-29,"Outside Hubei","Outside China"
NA,"Finland",2020-01-29 21:00:00,1,NA,NA,2020-01-29,"Outside Hubei","Outside China"
NA,"United Arab Emirates",2020-01-29 21:00:00,4,NA,NA,2020-01-29,"Outside Hubei","Outside China"
"Hubei","Mainland China",2020-01-29 14:30:00,3554,125,88,2020-01-29,"Hubei","Mainland China"
"Zhejiang","Mainland China",2020-01-29 14:30:00,296,NA,3,2020-01-29,"Outside Hubei","Mainland China"
"Guangdong","Mainland China",2020-01-29 14:30:00,277,NA,5,2020-01-29,"Outside Hubei","Mainland China"
"Hunan","Mainland China",2020-01-29 14:30:00,221,NA,NA,2020-01-29,"Outside Hubei","Mainland China"
"Henan","Mainland China",2020-01-29 14:30:00,206,2,1,2020-01-29,"Outside Hubei","Mainland China"
"Anhui","Mainland China",2020-01-29 14:30:00,152,NA,2,2020-01-29,"Outside Hubei","Mainland China"
"Chongqing","Mainland China",2020-01-29 14:30:00,147,NA,1,2020-01-29,"Outside Hubei","Mainland China"
"Shandong","Mainland China",2020-01-29 14:30:00,130,NA,1,2020-01-29,"Outside Hubei","Mainland China"
"Beijing","Mainland China",2020-01-29 14:30:00,111,1,4,2020-01-29,"Outside Hubei","Mainland China"
"Jiangxi","Mainland China",2020-01-29 14:30:00,109,NA,3,2020-01-29,"Outside Hubei","Mainland China"
"Sichuan","Mainland China",2020-01-29 14:30:00,108,1,1,2020-01-29,"Outside Hubei","Mainland China"
"Jiangsu","Mainland China",2020-01-29 14:30:00,99,NA,1,2020-01-29,"Outside Hubei","Mainland China"
"Shanghai","Mainland China",2020-01-29 14:30:00,96,1,5,2020-01-29,"Outside Hubei","Mainland China"
"Fujian","Mainland China",2020-01-29 14:30:00,84,NA,NA,2020-01-29,"Outside Hubei","Mainland China"
"Guangxi","Mainland China",2020-01-29 14:30:00,58,NA,2,2020-01-29,"Outside Hubei","Mainland China"
"Shaanxi","Mainland China",2020-01-29 14:30:00,56,NA,NA,2020-01-29,"Outside Hubei","Mainland China"
"Yunnan","Mainland China",2020-01-29 14:30:00,55,NA,NA,2020-01-29,"Outside Hubei","Mainland China"
"Hebei","Mainland China",2020-01-29 14:30:00,48,1,NA,2020-01-29,"Outside Hubei","Mainland China"
"Hainan","Mainland China",2020-01-29 14:30:00,43,1,NA,2020-01-29,"Outside Hubei","Mainland China"
"Liaoning","Mainland China",2020-01-29 14:30:00,39,NA,1,2020-01-29,"Outside Hubei","Mainland China"
"Heilongjiang","Mainland China",2020-01-29 14:30:00,38,1,NA,2020-01-29,"Outside Hubei","Mainland China"
"Tianjin","Mainland China",2020-01-29 14:30:00,27,NA,NA,2020-01-29,"Outside Hubei","Mainland China"
"Shanxi","Mainland China",2020-01-29 14:30:00,27,NA,1,2020-01-29,"Outside Hubei","Mainland China"
"Gansu","Mainland China",2020-01-29 14:30:00,24,NA,NA,2020-01-29,"Outside Hubei","Mainland China"
"Inner Mongolia","Mainland China",2020-01-29 14:30:00,16,NA,NA,2020-01-29,"Outside Hubei","Mainland China"
"Xinjiang","Mainland China",2020-01-29 14:30:00,13,NA,NA,2020-01-29,"Outside Hubei","Mainland China"
"Ningxia","Mainland China",2020-01-29 14:30:00,12,NA,NA,2020-01-29,"Outside Hubei","Mainland China"
"Hong Kong","Hong Kong",2020-01-29 14:30:00,10,NA,NA,2020-01-29,"Outside Hubei","Outside China"
"Guizhou","Mainland China",2020-01-29 14:30:00,9,NA,1,2020-01-29,"Outside Hubei","Mainland China"
"Jilin","Mainland China",2020-01-29 14:30:00,9,NA,NA,2020-01-29,"Outside Hubei","Mainland China"
"Taiwan","Taiwan",2020-01-29 14:30:00,8,NA,NA,2020-01-29,"Outside Hubei","Outside China"
"Macau","Macau",2020-01-29 14:30:00,7,NA,NA,2020-01-29,"Outside Hubei","Outside China"
"Qinghai","Mainland China",2020-01-29 14:30:00,6,NA,NA,2020-01-29,"Outside Hubei","Mainland China"
"Washington","US",2020-01-29 14:30:00,1,NA,NA,2020-01-29,"Outside Hubei","Outside China"
"Illinois","US",2020-01-29 14:30:00,1,NA,NA,2020-01-29,"Outside Hubei","Outside China"
"California","US",2020-01-29 14:30:00,2,NA,NA,2020-01-29,"Outside Hubei","Outside China"
"Arizona","US",2020-01-29 14:30:00,1,NA,NA,2020-01-29,"Outside Hubei","Outside China"
NA,"Japan",2020-01-29 14:30:00,7,NA,1,2020-01-29,"Outside Hubei","Outside China"
NA,"Thailand",2020-01-29 14:30:00,14,NA,5,2020-01-29,"Outside Hubei","Outside China"
NA,"South Korea",2020-01-29 14:30:00,4,NA,NA,2020-01-29,"Outside Hubei","Outside China"
NA,"Singapore",2020-01-29 14:30:00,7,NA,NA,2020-01-29,"Outside Hubei","Outside China"
NA,"Vietnam",2020-01-29 14:30:00,2,NA,NA,2020-01-29,"Outside Hubei","Outside China"
NA,"France",2020-01-29 14:30:00,5,NA,NA,2020-01-29,"Outside Hubei","Outside China"
NA,"Nepal",2020-01-29 14:30:00,1,NA,NA,2020-01-29,"Outside Hubei","Outside China"
NA,"Malaysia",2020-01-29 14:30:00,7,NA,NA,2020-01-29,"Outside Hubei","Outside China"
"Ontario","Canada",2020-01-29 14:30:00,1,NA,NA,2020-01-29,"Outside Hubei","Outside China"
"British Columbia","Canada",2020-01-29 14:30:00,1,NA,NA,2020-01-29,"Outside Hubei","Outside China"
NA,"Cambodia",2020-01-29 14:30:00,1,NA,NA,2020-01-29,"Outside Hubei","Outside China"
NA,"Sri Lanka",2020-01-29 14:30:00,1,NA,NA,2020-01-29,"Outside Hubei","Outside China"
"New South Wales","Australia",2020-01-29 14:30:00,4,NA,NA,2020-01-29,"Outside Hubei","Outside China"
"Victoria","Australia",2020-01-29 14:30:00,1,NA,NA,2020-01-29,"Outside Hubei","Outside China"
"Bavaria","Germany",2020-01-29 14:30:00,4,NA,NA,2020-01-29,"Outside Hubei","Outside China"
NA,"Finland",2020-01-29 14:30:00,1,NA,NA,2020-01-29,"Outside Hubei","Outside China"
NA,"United Arab Emirates",2020-01-29 14:30:00,4,NA,NA,2020-01-29,"Outside Hubei","Outside China"
"Hubei","Mainland China",2020-01-29 13:30:00,3554,125,80,2020-01-29,"Hubei","Mainland China"
"Guangdong","Mainland China",2020-01-29 13:30:00,277,NA,4,2020-01-29,"Outside Hubei","Mainland China"
"Zhejiang","Mainland China",2020-01-29 13:30:00,296,NA,3,2020-01-29,"Outside Hubei","Mainland China"
"Henan","Mainland China",2020-01-29 13:30:00,206,2,1,2020-01-29,"Outside Hubei","Mainland China"
"Chongqing","Mainland China",2020-01-29 13:30:00,147,NA,NA,2020-01-29,"Outside Hubei","Mainland China"
"Hunan","Mainland China",2020-01-29 13:30:00,221,NA,NA,2020-01-29,"Outside Hubei","Mainland China"
"Shandong","Mainland China",2020-01-29 13:30:00,130,NA,1,2020-01-29,"Outside Hubei","Mainland China"
"Beijing","Mainland China",2020-01-29 13:30:00,111,1,4,2020-01-29,"Outside Hubei","Mainland China"
"Anhui","Mainland China",2020-01-29 13:30:00,152,NA,2,2020-01-29,"Outside Hubei","Mainland China"
"Sichuan","Mainland China",2020-01-29 13:30:00,108,NA,NA,2020-01-29,"Outside Hubei","Mainland China"
"Fujian","Mainland China",2020-01-29 13:30:00,84,NA,NA,2020-01-29,"Outside Hubei","Mainland China"
"Shanghai","Mainland China",2020-01-29 13:30:00,96,1,4,2020-01-29,"Outside Hubei","Mainland China"
"Jiangxi","Mainland China",2020-01-29 13:30:00,109,NA,3,2020-01-29,"Outside Hubei","Mainland China"
"Jiangsu","Mainland China",2020-01-29 13:30:00,99,NA,1,2020-01-29,"Outside Hubei","Mainland China"
"Guangxi","Mainland China",2020-01-29 13:30:00,58,NA,2,2020-01-29,"Outside Hubei","Mainland China"
"Shaanxi","Mainland China",2020-01-29 13:30:00,56,NA,NA,2020-01-29,"Outside Hubei","Mainland China"
"Hainan","Mainland China",2020-01-29 13:30:00,43,1,1,2020-01-29,"Outside Hubei","Mainland China"
"Liaoning","Mainland China",2020-01-29 13:30:00,39,NA,NA,2020-01-29,"Outside Hubei","Mainland China"
"Yunnan","Mainland China",2020-01-29 13:30:00,55,NA,NA,2020-01-29,"Outside Hubei","Mainland China"
"Tianjin","Mainland China",2020-01-29 13:30:00,27,NA,NA,2020-01-29,"Outside Hubei","Mainland China"
"Heilongjiang","Mainland China",2020-01-29 13:30:00,38,1,NA,2020-01-29,"Outside Hubei","Mainland China"
"Hebei","Mainland China",2020-01-29 13:30:00,48,1,NA,2020-01-29,"Outside Hubei","Mainland China"
"Gansu","Mainland China",2020-01-29 13:30:00,24,NA,NA,2020-01-29,"Outside Hubei","Mainland China"
"Shanxi","Mainland China",2020-01-29 13:30:00,27,NA,NA,2020-01-29,"Outside Hubei","Mainland China"
"Inner Mongolia","Mainland China",2020-01-29 13:30:00,16,NA,NA,2020-01-29,"Outside Hubei","Mainland China"
"Hong Kong","Hong Kong",2020-01-29 13:30:00,10,NA,NA,2020-01-29,"Outside Hubei","Outside China"
"Guizhou","Mainland China",2020-01-29 13:30:00,9,NA,NA,2020-01-29,"Outside Hubei","Mainland China"
"Ningxia","Mainland China",2020-01-29 13:30:00,12,NA,NA,2020-01-29,"Outside Hubei","Mainland China"
"Jilin","Mainland China",2020-01-29 13:30:00,9,NA,NA,2020-01-29,"Outside Hubei","Mainland China"
"Macau","Macau",2020-01-29 13:30:00,7,NA,NA,2020-01-29,"Outside Hubei","Outside China"
"Taiwan","Taiwan",2020-01-29 13:30:00,8,NA,NA,2020-01-29,"Outside Hubei","Outside China"
"Xinjiang","Mainland China",2020-01-29 13:30:00,13,NA,NA,2020-01-29,"Outside Hubei","Mainland China"
"Qinghai","Mainland China",2020-01-29 13:30:00,6,NA,NA,2020-01-29,"Outside Hubei","Mainland China"
"Washington","US",2020-01-29 13:30:00,1,NA,NA,2020-01-29,"Outside Hubei","Outside China"
"Illinois","US",2020-01-29 13:30:00,1,NA,NA,2020-01-29,"Outside Hubei","Outside China"
"California","US",2020-01-29 13:30:00,2,NA,NA,2020-01-29,"Outside Hubei","Outside China"
"Arizona","US",2020-01-29 13:30:00,1,NA,NA,2020-01-29,"Outside Hubei","Outside China"
"Ontario","Canada",2020-01-29 13:30:00,3,NA,NA,2020-01-29,"Outside Hubei","Outside China"
NA,"Japan",2020-01-29 13:30:00,7,NA,1,2020-01-29,"Outside Hubei","Outside China"
NA,"Thailand",2020-01-29 13:30:00,14,NA,5,2020-01-29,"Outside Hubei","Outside China"
NA,"South Korea",2020-01-29 13:30:00,4,NA,NA,2020-01-29,"Outside Hubei","Outside China"
NA,"Singapore",2020-01-29 13:30:00,7,NA,NA,2020-01-29,"Outside Hubei","Outside China"
NA,"Vietnam",2020-01-29 13:30:00,2,NA,NA,2020-01-29,"Outside Hubei","Outside China"
NA,"Nepal",2020-01-29 13:30:00,1,NA,NA,2020-01-29,"Outside Hubei","Outside China"
NA,"Malaysia",2020-01-29 13:30:00,7,NA,NA,2020-01-29,"Outside Hubei","Outside China"
NA,"Cambodia",2020-01-29 13:30:00,1,NA,NA,2020-01-29,"Outside Hubei","Outside China"
NA,"Sri Lanka",2020-01-29 13:30:00,1,NA,NA,2020-01-29,"Outside Hubei","Outside China"
"New South Wales","Australia",2020-01-29 13:30:00,4,NA,NA,2020-01-29,"Outside Hubei","Outside China"
"Victoria","Australia",2020-01-29 13:30:00,1,NA,NA,2020-01-29,"Outside Hubei","Outside China"
NA,"United Arab Emirates",2020-01-29 13:30:00,4,NA,NA,2020-01-29,"Outside Hubei","Outside China"
NA,"France",2020-01-29 13:30:00,4,NA,NA,2020-01-29,"Outside Hubei","Outside China"
"Bavaria","Germany",2020-01-29 13:30:00,4,NA,NA,2020-01-29,"Outside Hubei","Outside China"
"Hubei","Mainland China",2020-01-28 23:00:00,3554,125,80,2020-01-28,"Hubei","Mainland China"
"Zhejiang","Mainland China",2020-01-28 23:00:00,296,NA,3,2020-01-28,"Outside Hubei","Mainland China"
"Guangdong","Mainland China",2020-01-28 23:00:00,241,NA,5,2020-01-28,"Outside Hubei","Mainland China"
"Hunan","Mainland China",2020-01-28 23:00:00,221,NA,NA,2020-01-28,"Outside Hubei","Mainland China"
"Henan","Mainland China",2020-01-28 23:00:00,206,2,1,2020-01-28,"Outside Hubei","Mainland China"
"Anhui","Mainland China",2020-01-28 23:00:00,152,NA,NA,2020-01-28,"Outside Hubei","Mainland China"
"Chongqing","Mainland China",2020-01-28 23:00:00,147,NA,1,2020-01-28,"Outside Hubei","Mainland China"
"Shandong","Mainland China",2020-01-28 23:00:00,121,NA,NA,2020-01-28,"Outside Hubei","Mainland China"
"Jiangxi","Mainland China",2020-01-28 23:00:00,109,NA,3,2020-01-28,"Outside Hubei","Mainland China"
"Sichuan","Mainland China",2020-01-28 23:00:00,108,NA,NA,2020-01-28,"Outside Hubei","Mainland China"
"Jiangsu","Mainland China",2020-01-28 23:00:00,99,NA,1,2020-01-28,"Outside Hubei","Mainland China"
"Beijing","Mainland China",2020-01-28 23:00:00,91,1,4,2020-01-28,"Outside Hubei","Mainland China"
"Fujian","Mainland China",2020-01-28 23:00:00,82,NA,NA,2020-01-28,"Outside Hubei","Mainland China"
"Shanghai","Mainland China",2020-01-28 23:00:00,80,1,4,2020-01-28,"Outside Hubei","Mainland China"
"Guangxi","Mainland China",2020-01-28 23:00:00,58,NA,2,2020-01-28,"Outside Hubei","Mainland China"
"Shaanxi","Mainland China",2020-01-28 23:00:00,56,NA,NA,2020-01-28,"Outside Hubei","Mainland China"
"Hebei","Mainland China",2020-01-28 23:00:00,48,1,NA,2020-01-28,"Outside Hubei","Mainland China"
"Yunnan","Mainland China",2020-01-28 23:00:00,44,NA,NA,2020-01-28,"Outside Hubei","Mainland China"
"Hainan","Mainland China",2020-01-28 23:00:00,43,1,NA,2020-01-28,"Outside Hubei","Mainland China"
"Heilongjiang","Mainland China",2020-01-28 23:00:00,37,1,NA,2020-01-28,"Outside Hubei","Mainland China"
"Liaoning","Mainland China",2020-01-28 23:00:00,36,NA,NA,2020-01-28,"Outside Hubei","Mainland China"
"Shanxi","Mainland China",2020-01-28 23:00:00,27,NA,NA,2020-01-28,"Outside Hubei","Mainland China"
"Tianjin","Mainland China",2020-01-28 23:00:00,25,NA,NA,2020-01-28,"Outside Hubei","Mainland China"
"Gansu","Mainland China",2020-01-28 23:00:00,24,NA,NA,2020-01-28,"Outside Hubei","Mainland China"
"Inner Mongolia","Mainland China",2020-01-28 23:00:00,16,NA,NA,2020-01-28,"Outside Hubei","Mainland China"
"Xinjiang","Mainland China",2020-01-28 23:00:00,13,NA,NA,2020-01-28,"Outside Hubei","Mainland China"
"Ningxia","Mainland China",2020-01-28 23:00:00,12,NA,NA,2020-01-28,"Outside Hubei","Mainland China"
"Guizhou","Mainland China",2020-01-28 23:00:00,9,NA,NA,2020-01-28,"Outside Hubei","Mainland China"
"Jilin","Mainland China",2020-01-28 23:00:00,9,NA,NA,2020-01-28,"Outside Hubei","Mainland China"
"Hong Kong","Hong Kong",2020-01-28 23:00:00,8,NA,NA,2020-01-28,"Outside Hubei","Outside China"
"Taiwan","Taiwan",2020-01-28 23:00:00,8,NA,NA,2020-01-28,"Outside Hubei","Outside China"
"Macau","Macau",2020-01-28 23:00:00,7,NA,NA,2020-01-28,"Outside Hubei","Outside China"
"Qinghai","Mainland China",2020-01-28 23:00:00,6,NA,NA,2020-01-28,"Outside Hubei","Mainland China"
"Washington","US",2020-01-28 18:00:00,1,NA,NA,2020-01-28,"Outside Hubei","Outside China"
"Illinois","US",2020-01-28 23:00:00,1,NA,NA,2020-01-28,"Outside Hubei","Outside China"
"California","US",2020-01-28 23:00:00,2,NA,NA,2020-01-28,"Outside Hubei","Outside China"
"Arizona","US",2020-01-28 23:00:00,1,NA,NA,2020-01-28,"Outside Hubei","Outside China"
NA,"Japan",2020-01-28 23:00:00,7,NA,1,2020-01-28,"Outside Hubei","Outside China"
NA,"Thailand",2020-01-28 23:00:00,14,NA,5,2020-01-28,"Outside Hubei","Outside China"
NA,"South Korea",2020-01-28 23:00:00,4,NA,NA,2020-01-28,"Outside Hubei","Outside China"
NA,"Singapore",2020-01-28 23:00:00,7,NA,NA,2020-01-28,"Outside Hubei","Outside China"
NA,"Vietnam",2020-01-28 23:00:00,2,NA,NA,2020-01-28,"Outside Hubei","Outside China"
NA,"France",2020-01-28 23:00:00,4,NA,NA,2020-01-28,"Outside Hubei","Outside China"
NA,"Nepal",2020-01-28 23:00:00,1,NA,NA,2020-01-28,"Outside Hubei","Outside China"
NA,"Malaysia",2020-01-28 23:00:00,7,NA,NA,2020-01-28,"Outside Hubei","Outside China"
"Ontario","Canada",2020-01-28 23:00:00,1,NA,NA,2020-01-28,"Outside Hubei","Outside China"
"British Columbia","Canada",2020-01-28 23:00:00,1,NA,NA,2020-01-28,"Outside Hubei","Outside China"
NA,"Cambodia",2020-01-28 23:00:00,1,NA,NA,2020-01-28,"Outside Hubei","Outside China"
NA,"Sri Lanka",2020-01-28 23:00:00,1,NA,NA,2020-01-28,"Outside Hubei","Outside China"
"New South Wales","Australia",2020-01-28 23:00:00,4,NA,NA,2020-01-28,"Outside Hubei","Outside China"
"Victoria","Australia",2020-01-28 23:00:00,1,NA,NA,2020-01-28,"Outside Hubei","Outside China"
"Bavaria","Germany",2020-01-28 23:00:00,4,NA,NA,2020-01-28,"Outside Hubei","Outside China"
"Hubei","Mainland China",2020-01-28 18:00:00,3554,125,80,2020-01-28,"Hubei","Mainland China"
"Guangdong","Mainland China",2020-01-28 18:00:00,207,NA,4,2020-01-28,"Outside Hubei","Mainland China"
"Zhejiang","Mainland China",2020-01-28 18:00:00,173,NA,3,2020-01-28,"Outside Hubei","Mainland China"
"Henan","Mainland China",2020-01-28 18:00:00,168,1,NA,2020-01-28,"Outside Hubei","Mainland China"
"Hunan","Mainland China",2020-01-28 18:00:00,143,NA,NA,2020-01-28,"Outside Hubei","Mainland China"
"Chongqing","Mainland China",2020-01-28 18:00:00,132,NA,NA,2020-01-28,"Outside Hubei","Mainland China"
"Jiangxi","Mainland China",2020-01-28 18:00:00,109,NA,3,2020-01-28,"Outside Hubei","Mainland China"
"Anhui","Mainland China",2020-01-28 18:00:00,106,NA,NA,2020-01-28,"Outside Hubei","Mainland China"
"Shandong","Mainland China",2020-01-28 18:00:00,95,NA,NA,2020-01-28,"Outside Hubei","Mainland China"
"Beijing","Mainland China",2020-01-28 18:00:00,91,1,4,2020-01-28,"Outside Hubei","Mainland China"
"Sichuan","Mainland China",2020-01-28 18:00:00,90,NA,NA,2020-01-28,"Outside Hubei","Mainland China"
"Fujian","Mainland China",2020-01-28 18:00:00,80,NA,NA,2020-01-28,"Outside Hubei","Mainland China"
"Jiangsu","Mainland China",2020-01-28 18:00:00,70,NA,1,2020-01-28,"Outside Hubei","Mainland China"
"Shanghai","Mainland China",2020-01-28 18:00:00,66,1,4,2020-01-28,"Outside Hubei","Mainland China"
"Guangxi","Mainland China",2020-01-28 18:00:00,51,NA,2,2020-01-28,"Outside Hubei","Mainland China"
"Shaanxi","Mainland China",2020-01-28 18:00:00,46,NA,NA,2020-01-28,"Outside Hubei","Mainland China"
"Yunnan","Mainland China",2020-01-28 18:00:00,44,NA,NA,2020-01-28,"Outside Hubei","Mainland China"
"Hainan","Mainland China",2020-01-28 18:00:00,40,1,NA,2020-01-28,"Outside Hubei","Mainland China"
"Liaoning","Mainland China",2020-01-28 18:00:00,34,NA,NA,2020-01-28,"Outside Hubei","Mainland China"
"Hebei","Mainland China",2020-01-28 18:00:00,33,1,NA,2020-01-28,"Outside Hubei","Mainland China"
"Heilongjiang","Mainland China",2020-01-28 18:00:00,33,1,NA,2020-01-28,"Outside Hubei","Mainland China"
"Shanxi","Mainland China",2020-01-28 18:00:00,27,NA,NA,2020-01-28,"Outside Hubei","Mainland China"
"Tianjin","Mainland China",2020-01-28 18:00:00,24,NA,NA,2020-01-28,"Outside Hubei","Mainland China"
"Gansu","Mainland China",2020-01-28 18:00:00,19,NA,NA,2020-01-28,"Outside Hubei","Mainland China"
"Inner Mongolia","Mainland China",2020-01-28 18:00:00,15,NA,NA,2020-01-28,"Outside Hubei","Mainland China"
"Ningxia","Mainland China",2020-01-28 18:00:00,11,NA,NA,2020-01-28,"Outside Hubei","Mainland China"
"Xinjiang","Mainland China",2020-01-28 18:00:00,10,NA,NA,2020-01-28,"Outside Hubei","Mainland China"
"Guizhou","Mainland China",2020-01-28 18:00:00,9,NA,NA,2020-01-28,"Outside Hubei","Mainland China"
"Jilin","Mainland China",2020-01-28 18:00:00,8,NA,NA,2020-01-28,"Outside Hubei","Mainland China"
"Taiwan","Taiwan",2020-01-28 18:00:00,8,NA,NA,2020-01-28,"Outside Hubei","Outside China"
"Hong Kong","Hong Kong",2020-01-28 18:00:00,8,NA,NA,2020-01-28,"Outside Hubei","Outside China"
"Macau","Macau",2020-01-28 18:00:00,7,NA,NA,2020-01-28,"Outside Hubei","Outside China"
"Qinghai","Mainland China",2020-01-28 18:00:00,6,NA,NA,2020-01-28,"Outside Hubei","Mainland China"
"Washington","US",2020-01-28 18:00:00,1,NA,NA,2020-01-28,"Outside Hubei","Outside China"
"Illinois","US",2020-01-28 18:00:00,1,NA,NA,2020-01-28,"Outside Hubei","Outside China"
"California","US",2020-01-28 18:00:00,2,NA,NA,2020-01-28,"Outside Hubei","Outside China"
"Arizona","US",2020-01-28 18:00:00,1,NA,NA,2020-01-28,"Outside Hubei","Outside China"
NA,"Japan",2020-01-28 18:00:00,7,NA,1,2020-01-28,"Outside Hubei","Outside China"
NA,"Thailand",2020-01-28 18:00:00,14,NA,5,2020-01-28,"Outside Hubei","Outside China"
NA,"South Korea",2020-01-28 18:00:00,4,NA,NA,2020-01-28,"Outside Hubei","Outside China"
NA,"Singapore",2020-01-28 18:00:00,7,NA,NA,2020-01-28,"Outside Hubei","Outside China"
NA,"Vietnam",2020-01-28 18:00:00,2,NA,NA,2020-01-28,"Outside Hubei","Outside China"
NA,"France",2020-01-28 18:00:00,4,NA,NA,2020-01-28,"Outside Hubei","Outside China"
NA,"Nepal",2020-01-28 18:00:00,1,NA,NA,2020-01-28,"Outside Hubei","Outside China"
NA,"Malaysia",2020-01-28 18:00:00,4,NA,NA,2020-01-28,"Outside Hubei","Outside China"
"Ontario","Canada",2020-01-28 18:00:00,1,NA,NA,2020-01-28,"Outside Hubei","Outside China"
"British Columbia","Canada",2020-01-28 18:00:00,1,NA,NA,2020-01-28,"Outside Hubei","Outside China"
NA,"Cambodia",2020-01-28 18:00:00,1,NA,NA,2020-01-28,"Outside Hubei","Outside China"
NA,"Sri Lanka",2020-01-28 18:00:00,1,NA,NA,2020-01-28,"Outside Hubei","Outside China"
"New South Wales","Australia",2020-01-28 18:00:00,4,NA,NA,2020-01-28,"Outside Hubei","Outside China"
"Victoria","Australia",2020-01-28 18:00:00,1,NA,NA,2020-01-28,"Outside Hubei","Outside China"
"Bavaria","Germany",2020-01-28 18:00:00,4,NA,NA,2020-01-28,"Outside Hubei","Outside China"
"Hubei","Mainland China",2020-01-28 13:00:00,2714,100,52,2020-01-28,"Hubei","Mainland China"
"Guangdong","Mainland China",2020-01-28 13:00:00,207,NA,4,2020-01-28,"Outside Hubei","Mainland China"
"Zhejiang","Mainland China",2020-01-28 13:00:00,173,NA,3,2020-01-28,"Outside Hubei","Mainland China"
"Henan","Mainland China",2020-01-28 13:00:00,168,1,NA,2020-01-28,"Outside Hubei","Mainland China"
"Hunan","Mainland China",2020-01-28 13:00:00,143,NA,NA,2020-01-28,"Outside Hubei","Mainland China"
"Chongqing","Mainland China",2020-01-28 13:00:00,132,NA,NA,2020-01-28,"Outside Hubei","Mainland China"
"Anhui","Mainland China",2020-01-28 13:00:00,106,NA,NA,2020-01-28,"Outside Hubei","Mainland China"
"Shandong","Mainland China",2020-01-28 13:00:00,95,NA,NA,2020-01-28,"Outside Hubei","Mainland China"
"Beijing","Mainland China",2020-01-28 13:00:00,91,1,4,2020-01-28,"Outside Hubei","Mainland China"
"Sichuan","Mainland China",2020-01-28 13:00:00,90,NA,NA,2020-01-28,"Outside Hubei","Mainland China"
"Fujian","Mainland China",2020-01-28 13:00:00,80,NA,NA,2020-01-28,"Outside Hubei","Mainland China"
"Jiangxi","Mainland China",2020-01-28 13:00:00,72,NA,3,2020-01-28,"Outside Hubei","Mainland China"
"Jiangsu","Mainland China",2020-01-28 13:00:00,70,NA,1,2020-01-28,"Outside Hubei","Mainland China"
"Shanghai","Mainland China",2020-01-28 13:00:00,66,1,4,2020-01-28,"Outside Hubei","Mainland China"
"Guangxi","Mainland China",2020-01-28 13:00:00,51,NA,2,2020-01-28,"Outside Hubei","Mainland China"
"Shaanxi","Mainland China",2020-01-28 13:00:00,46,NA,NA,2020-01-28,"Outside Hubei","Mainland China"
"Yunnan","Mainland China",2020-01-28 13:00:00,44,NA,NA,2020-01-28,"Outside Hubei","Mainland China"
"Hainan","Mainland China",2020-01-28 13:00:00,40,1,NA,2020-01-28,"Outside Hubei","Mainland China"
"Liaoning","Mainland China",2020-01-28 13:00:00,34,NA,NA,2020-01-28,"Outside Hubei","Mainland China"
"Heilongjiang","Mainland China",2020-01-28 13:00:00,33,1,NA,2020-01-28,"Outside Hubei","Mainland China"
"Hebei","Mainland China",2020-01-28 13:00:00,33,1,NA,2020-01-28,"Outside Hubei","Mainland China"
"Tianjin","Mainland China",2020-01-28 13:00:00,24,NA,NA,2020-01-28,"Outside Hubei","Mainland China"
"Shanxi","Mainland China",2020-01-28 13:00:00,20,NA,NA,2020-01-28,"Outside Hubei","Mainland China"
"Gansu","Mainland China",2020-01-28 13:00:00,19,NA,NA,2020-01-28,"Outside Hubei","Mainland China"
"Inner Mongolia","Mainland China",2020-01-28 13:00:00,15,NA,NA,2020-01-28,"Outside Hubei","Mainland China"
"Ningxia","Mainland China",2020-01-28 13:00:00,11,NA,NA,2020-01-28,"Outside Hubei","Mainland China"
"Xinjiang","Mainland China",2020-01-28 13:00:00,10,NA,NA,2020-01-28,"Outside Hubei","Mainland China"
"Guizhou","Mainland China",2020-01-28 13:00:00,9,NA,NA,2020-01-28,"Outside Hubei","Mainland China"
"Jilin","Mainland China",2020-01-28 13:00:00,8,NA,NA,2020-01-28,"Outside Hubei","Mainland China"
"Taiwan","Taiwan",2020-01-28 13:00:00,8,NA,NA,2020-01-28,"Outside Hubei","Outside China"
"Hong Kong","Hong Kong",2020-01-28 13:00:00,8,NA,NA,2020-01-28,"Outside Hubei","Outside China"
"Macau","Macau",2020-01-28 13:00:00,7,NA,NA,2020-01-28,"Outside Hubei","Outside China"
"Qinghai","Mainland China",2020-01-28 13:00:00,6,NA,NA,2020-01-28,"Outside Hubei","Mainland China"
"Washington","US",2020-01-28 13:00:00,1,NA,NA,2020-01-28,"Outside Hubei","Outside China"
"Illinois","US",2020-01-28 13:00:00,1,NA,NA,2020-01-28,"Outside Hubei","Outside China"
"California","US",2020-01-28 13:00:00,2,NA,NA,2020-01-28,"Outside Hubei","Outside China"
"Arizona","US",2020-01-28 13:00:00,1,NA,NA,2020-01-28,"Outside Hubei","Outside China"
NA,"Japan",2020-01-28 13:00:00,7,NA,1,2020-01-28,"Outside Hubei","Outside China"
NA,"Thailand",2020-01-28 13:00:00,14,NA,5,2020-01-28,"Outside Hubei","Outside China"
NA,"South Korea",2020-01-28 13:00:00,4,NA,NA,2020-01-28,"Outside Hubei","Outside China"
NA,"Singapore",2020-01-28 13:00:00,7,NA,NA,2020-01-28,"Outside Hubei","Outside China"
NA,"Vietnam",2020-01-28 13:00:00,2,NA,NA,2020-01-28,"Outside Hubei","Outside China"
NA,"France",2020-01-28 13:00:00,3,NA,NA,2020-01-28,"Outside Hubei","Outside China"
NA,"Nepal",2020-01-28 13:00:00,1,NA,NA,2020-01-28,"Outside Hubei","Outside China"
NA,"Malaysia",2020-01-28 13:00:00,4,NA,NA,2020-01-28,"Outside Hubei","Outside China"
"Ontario","Canada",2020-01-28 13:00:00,2,NA,NA,2020-01-28,"Outside Hubei","Outside China"
NA,"Cambodia",2020-01-28 13:00:00,1,NA,NA,2020-01-28,"Outside Hubei","Outside China"
NA,"Sri Lanka",2020-01-28 13:00:00,1,NA,NA,2020-01-28,"Outside Hubei","Outside China"
"New South Wales","Australia",2020-01-28 13:00:00,4,NA,NA,2020-01-28,"Outside Hubei","Outside China"
"Victoria","Australia",2020-01-28 13:00:00,1,NA,NA,2020-01-28,"Outside Hubei","Outside China"
"Bavaria","Germany",2020-01-28 13:00:00,1,NA,NA,2020-01-28,"Outside Hubei","Outside China"
"Hubei","Mainland China",2020-01-27 20:30:00,2714,100,47,2020-01-27,"Hubei","Mainland China"
"Zhejiang","Mainland China",2020-01-27 20:30:00,173,NA,1,2020-01-27,"Outside Hubei","Mainland China"
"Henan","Mainland China",2020-01-27 20:30:00,168,1,NA,2020-01-27,"Outside Hubei","Mainland China"
"Guangdong","Mainland China",2020-01-27 20:30:00,151,NA,4,2020-01-27,"Outside Hubei","Mainland China"
"Chongqing","Mainland China",2020-01-27 20:30:00,132,NA,NA,2020-01-27,"Outside Hubei","Mainland China"
"Anhui","Mainland China",2020-01-27 20:30:00,106,NA,NA,2020-01-27,"Outside Hubei","Mainland China"
"Hunan","Mainland China",2020-01-27 20:30:00,100,NA,NA,2020-01-27,"Outside Hubei","Mainland China"
"Sichuan","Mainland China",2020-01-27 20:30:00,90,NA,NA,2020-01-27,"Outside Hubei","Mainland China"
"Shandong","Mainland China",2020-01-27 20:30:00,87,1,NA,2020-01-27,"Outside Hubei","Mainland China"
"Beijing","Mainland China",2020-01-27 20:30:00,80,1,2,2020-01-27,"Outside Hubei","Mainland China"
"Jiangxi","Mainland China",2020-01-27 20:30:00,72,NA,2,2020-01-27,"Outside Hubei","Mainland China"
"Jiangsu","Mainland China",2020-01-27 20:30:00,70,NA,1,2020-01-27,"Outside Hubei","Mainland China"
"Shanghai","Mainland China",2020-01-27 20:30:00,66,1,3,2020-01-27,"Outside Hubei","Mainland China"
"Fujian","Mainland China",2020-01-27 20:30:00,59,NA,NA,2020-01-27,"Outside Hubei","Mainland China"
"Guangxi","Mainland China",2020-01-27 20:30:00,51,NA,NA,2020-01-27,"Outside Hubei","Mainland China"
"Shaanxi","Mainland China",2020-01-27 20:30:00,35,NA,NA,2020-01-27,"Outside Hubei","Mainland China"
"Hainan","Mainland China",2020-01-27 20:30:00,33,1,NA,2020-01-27,"Outside Hubei","Mainland China"
"Hebei","Mainland China",2020-01-27 20:30:00,33,1,NA,2020-01-27,"Outside Hubei","Mainland China"
"Heilongjiang","Mainland China",2020-01-27 20:30:00,30,1,NA,2020-01-27,"Outside Hubei","Mainland China"
"Liaoning","Mainland China",2020-01-27 20:30:00,27,NA,NA,2020-01-27,"Outside Hubei","Mainland China"
"Yunnan","Mainland China",2020-01-27 20:30:00,26,NA,NA,2020-01-27,"Outside Hubei","Mainland China"
"Tianjin","Mainland China",2020-01-27 20:30:00,23,NA,NA,2020-01-27,"Outside Hubei","Mainland China"
"Shanxi","Mainland China",2020-01-27 20:30:00,20,NA,NA,2020-01-27,"Outside Hubei","Mainland China"
"Gansu","Mainland China",2020-01-27 20:30:00,19,NA,NA,2020-01-27,"Outside Hubei","Mainland China"
"Inner Mongolia","Mainland China",2020-01-27 20:30:00,11,NA,NA,2020-01-27,"Outside Hubei","Mainland China"
"Guizhou","Mainland China",2020-01-27 20:30:00,9,NA,NA,2020-01-27,"Outside Hubei","Mainland China"
"Hong Kong","Hong Kong",2020-01-27 20:30:00,8,NA,NA,2020-01-27,"Outside Hubei","Outside China"
"Ningxia","Mainland China",2020-01-27 20:30:00,7,NA,NA,2020-01-27,"Outside Hubei","Mainland China"
"Jilin","Mainland China",2020-01-27 20:30:00,6,NA,NA,2020-01-27,"Outside Hubei","Mainland China"
"Macau","Macau",2020-01-27 20:30:00,6,NA,NA,2020-01-27,"Outside Hubei","Outside China"
"Qinghai","Mainland China",2020-01-27 20:30:00,6,NA,NA,2020-01-27,"Outside Hubei","Mainland China"
"Taiwan","Taiwan",2020-01-27 20:30:00,5,NA,NA,2020-01-27,"Outside Hubei","Outside China"
"Xinjiang","Mainland China",2020-01-27 20:30:00,5,NA,NA,2020-01-27,"Outside Hubei","Mainland China"
"Washington","US",2020-01-27 20:30:00,1,NA,NA,2020-01-27,"Outside Hubei","Outside China"
"Illinois","US",2020-01-27 20:30:00,1,NA,NA,2020-01-27,"Outside Hubei","Outside China"
"California","US",2020-01-27 20:30:00,2,NA,NA,2020-01-27,"Outside Hubei","Outside China"
"Arizona","US",2020-01-27 20:30:00,1,NA,NA,2020-01-27,"Outside Hubei","Outside China"
NA,"Japan",2020-01-27 20:30:00,4,NA,1,2020-01-27,"Outside Hubei","Outside China"
NA,"Thailand",2020-01-27 20:30:00,8,NA,2,2020-01-27,"Outside Hubei","Outside China"
NA,"South Korea",2020-01-27 20:30:00,4,NA,NA,2020-01-27,"Outside Hubei","Outside China"
NA,"Singapore",2020-01-27 20:30:00,5,NA,NA,2020-01-27,"Outside Hubei","Outside China"
NA,"Vietnam",2020-01-27 20:30:00,2,NA,NA,2020-01-27,"Outside Hubei","Outside China"
NA,"France",2020-01-27 20:30:00,3,NA,NA,2020-01-27,"Outside Hubei","Outside China"
NA,"Nepal",2020-01-27 20:30:00,1,NA,NA,2020-01-27,"Outside Hubei","Outside China"
NA,"Malaysia",2020-01-27 20:30:00,4,NA,NA,2020-01-27,"Outside Hubei","Outside China"
"Ontario","Canada",2020-01-27 20:30:00,1,NA,NA,2020-01-27,"Outside Hubei","Outside China"
NA,"Cambodia",2020-01-27 20:30:00,1,NA,NA,2020-01-27,"Outside Hubei","Outside China"
NA,"Sri Lanka",2020-01-27 20:30:00,1,NA,NA,2020-01-27,"Outside Hubei","Outside China"
NA,"Ivory Coast",2020-01-27 20:30:00,NA,NA,NA,2020-01-27,"Outside Hubei","Outside China"
"New South Wales","Australia",2020-01-27 20:30:00,4,NA,NA,2020-01-27,"Outside Hubei","Outside China"
"Victoria","Australia",2020-01-27 20:30:00,1,NA,NA,2020-01-27,"Outside Hubei","Outside China"
"Bavaria","Germany",2020-01-27 20:30:00,1,NA,NA,2020-01-27,"Outside Hubei","Outside China"
"Hubei","Mainland China",2020-01-27 19:00:00,1423,76,45,2020-01-27,"Hubei","Mainland China"
"Guangdong","Mainland China",2020-01-27 19:00:00,151,NA,4,2020-01-27,"Outside Hubei","Mainland China"
"Zhejiang","Mainland China",2020-01-27 19:00:00,128,NA,1,2020-01-27,"Outside Hubei","Mainland China"
"Henan","Mainland China",2020-01-27 19:00:00,128,1,NA,2020-01-27,"Outside Hubei","Mainland China"
"Chongqing","Mainland China",2020-01-27 19:00:00,110,NA,NA,2020-01-27,"Outside Hubei","Mainland China"
"Hunan","Mainland China",2020-01-27 19:00:00,100,NA,NA,2020-01-27,"Outside Hubei","Mainland China"
"Beijing","Mainland China",2020-01-27 19:00:00,80,1,2,2020-01-27,"Outside Hubei","Mainland China"
"Shandong","Mainland China",2020-01-27 19:00:00,75,NA,NA,2020-01-27,"Outside Hubei","Mainland China"
"Jiangxi","Mainland China",2020-01-27 19:00:00,72,NA,2,2020-01-27,"Outside Hubei","Mainland China"
"Anhui","Mainland China",2020-01-27 19:00:00,70,NA,NA,2020-01-27,"Outside Hubei","Mainland China"
"Sichuan","Mainland China",2020-01-27 19:00:00,69,NA,NA,2020-01-27,"Outside Hubei","Mainland China"
"Fujian","Mainland China",2020-01-27 19:00:00,59,NA,NA,2020-01-27,"Outside Hubei","Mainland China"
"Shanghai","Mainland China",2020-01-27 19:00:00,53,1,3,2020-01-27,"Outside Hubei","Mainland China"
"Jiangsu","Mainland China",2020-01-27 19:00:00,47,NA,1,2020-01-27,"Outside Hubei","Mainland China"
"Guangxi","Mainland China",2020-01-27 19:00:00,46,NA,NA,2020-01-27,"Outside Hubei","Mainland China"
"Shaanxi","Mainland China",2020-01-27 19:00:00,35,NA,NA,2020-01-27,"Outside Hubei","Mainland China"
"Hainan","Mainland China",2020-01-27 19:00:00,33,1,NA,2020-01-27,"Outside Hubei","Mainland China"
"Liaoning","Mainland China",2020-01-27 19:00:00,27,NA,NA,2020-01-27,"Outside Hubei","Mainland China"
"Yunnan","Mainland China",2020-01-27 19:00:00,26,NA,NA,2020-01-27,"Outside Hubei","Mainland China"
"Tianjin","Mainland China",2020-01-27 19:00:00,23,NA,NA,2020-01-27,"Outside Hubei","Mainland China"
"Heilongjiang","Mainland China",2020-01-27 19:00:00,21,1,NA,2020-01-27,"Outside Hubei","Mainland China"
"Hebei","Mainland China",2020-01-27 19:00:00,18,1,NA,2020-01-27,"Outside Hubei","Mainland China"
"Gansu","Mainland China",2020-01-27 19:00:00,14,NA,NA,2020-01-27,"Outside Hubei","Mainland China"
"Shanxi","Mainland China",2020-01-27 19:00:00,13,NA,NA,2020-01-27,"Outside Hubei","Mainland China"
"Inner Mongolia","Mainland China",2020-01-27 19:00:00,11,NA,NA,2020-01-27,"Outside Hubei","Mainland China"
"Hong Kong","Hong Kong",2020-01-27 19:00:00,8,NA,NA,2020-01-27,"Outside Hubei","Outside China"
"Guizhou","Mainland China",2020-01-27 19:00:00,7,NA,NA,2020-01-27,"Outside Hubei","Mainland China"
"Ningxia","Mainland China",2020-01-27 19:00:00,7,NA,NA,2020-01-27,"Outside Hubei","Mainland China"
"Jilin","Mainland China",2020-01-27 19:00:00,6,NA,NA,2020-01-27,"Outside Hubei","Mainland China"
"Macau","Macau",2020-01-27 19:00:00,6,NA,NA,2020-01-27,"Outside Hubei","Outside China"
"Qinghai","Mainland China",2020-01-27 19:00:00,6,NA,NA,2020-01-27,"Outside Hubei","Mainland China"
"Taiwan","Taiwan",2020-01-27 19:00:00,5,NA,NA,2020-01-27,"Outside Hubei","Outside China"
"Xinjiang","Mainland China",2020-01-27 19:00:00,5,NA,NA,2020-01-27,"Outside Hubei","Mainland China"
"Washington","US",2020-01-27 19:00:00,1,NA,NA,2020-01-27,"Outside Hubei","Outside China"
"Illinois","US",2020-01-27 19:00:00,1,NA,NA,2020-01-27,"Outside Hubei","Outside China"
"California","US",2020-01-27 19:00:00,2,NA,NA,2020-01-27,"Outside Hubei","Outside China"
"Arizona","US",2020-01-27 19:00:00,1,NA,NA,2020-01-27,"Outside Hubei","Outside China"
NA,"Japan",2020-01-27 19:00:00,4,NA,1,2020-01-27,"Outside Hubei","Outside China"
NA,"Thailand",2020-01-27 19:00:00,8,NA,2,2020-01-27,"Outside Hubei","Outside China"
NA,"South Korea",2020-01-27 19:00:00,4,NA,NA,2020-01-27,"Outside Hubei","Outside China"
NA,"Singapore",2020-01-27 19:00:00,5,NA,NA,2020-01-27,"Outside Hubei","Outside China"
NA,"Vietnam",2020-01-27 19:00:00,2,NA,NA,2020-01-27,"Outside Hubei","Outside China"
NA,"France",2020-01-27 19:00:00,3,NA,NA,2020-01-27,"Outside Hubei","Outside China"
NA,"Nepal",2020-01-27 19:00:00,1,NA,NA,2020-01-27,"Outside Hubei","Outside China"
NA,"Malaysia",2020-01-27 19:00:00,4,NA,NA,2020-01-27,"Outside Hubei","Outside China"
"Ontario","Canada",2020-01-27 19:00:00,1,NA,NA,2020-01-27,"Outside Hubei","Outside China"
NA,"Cambodia",2020-01-27 19:00:00,1,NA,NA,2020-01-27,"Outside Hubei","Outside China"
NA,"Sri Lanka",2020-01-27 19:00:00,1,NA,NA,2020-01-27,"Outside Hubei","Outside China"
NA,"Ivory Coast",2020-01-27 19:00:00,1,NA,NA,2020-01-27,"Outside Hubei","Outside China"
"New South Wales","Australia",2020-01-27 19:00:00,4,NA,NA,2020-01-27,"Outside Hubei","Outside China"
"Victoria","Australia",2020-01-27 19:00:00,1,NA,NA,2020-01-27,"Outside Hubei","Outside China"
"Hubei","Mainland China",2020-01-27 09:00:00,1423,76,45,2020-01-27,"Hubei","Mainland China"
"Guangdong","Mainland China",2020-01-27 09:00:00,151,NA,3,2020-01-27,"Outside Hubei","Mainland China"
"Zhejiang","Mainland China",2020-01-27 09:00:00,128,NA,1,2020-01-27,"Outside Hubei","Mainland China"
"Henan","Mainland China",2020-01-27 09:00:00,128,NA,NA,2020-01-27,"Outside Hubei","Mainland China"
"Chongqing","Mainland China",2020-01-27 09:00:00,110,1,NA,2020-01-27,"Outside Hubei","Mainland China"
"Hunan","Mainland China",2020-01-27 09:00:00,100,NA,NA,2020-01-27,"Outside Hubei","Mainland China"
"Shandong","Mainland China",2020-01-27 09:00:00,75,NA,NA,2020-01-27,"Outside Hubei","Mainland China"
"Beijing","Mainland China",2020-01-27 09:00:00,72,NA,2,2020-01-27,"Outside Hubei","Mainland China"
"Anhui","Mainland China",2020-01-27 09:00:00,70,NA,NA,2020-01-27,"Outside Hubei","Mainland China"
"Sichuan","Mainland China",2020-01-27 09:00:00,69,NA,NA,2020-01-27,"Outside Hubei","Mainland China"
"Fujian","Mainland China",2020-01-27 09:00:00,56,NA,NA,2020-01-27,"Outside Hubei","Mainland China"
"Shanghai","Mainland China",2020-01-27 09:00:00,53,1,3,2020-01-27,"Outside Hubei","Mainland China"
"Jiangxi","Mainland China",2020-01-27 09:00:00,48,NA,1,2020-01-27,"Outside Hubei","Mainland China"
"Jiangsu","Mainland China",2020-01-27 09:00:00,47,NA,1,2020-01-27,"Outside Hubei","Mainland China"
"Guangxi","Mainland China",2020-01-27 09:00:00,46,NA,NA,2020-01-27,"Outside Hubei","Mainland China"
"Shaanxi","Mainland China",2020-01-27 09:00:00,35,NA,NA,2020-01-27,"Outside Hubei","Mainland China"
"Hainan","Mainland China",2020-01-27 09:00:00,33,1,NA,2020-01-27,"Outside Hubei","Mainland China"
"Liaoning","Mainland China",2020-01-27 09:00:00,27,NA,NA,2020-01-27,"Outside Hubei","Mainland China"
"Yunnan","Mainland China",2020-01-27 09:00:00,26,NA,NA,2020-01-27,"Outside Hubei","Mainland China"
"Tianjin","Mainland China",2020-01-27 09:00:00,22,NA,NA,2020-01-27,"Outside Hubei","Mainland China"
"Heilongjiang","Mainland China",2020-01-27 09:00:00,21,1,NA,2020-01-27,"Outside Hubei","Mainland China"
"Hebei","Mainland China",2020-01-27 09:00:00,18,1,NA,2020-01-27,"Outside Hubei","Mainland China"
"Gansu","Mainland China",2020-01-27 09:00:00,14,NA,NA,2020-01-27,"Outside Hubei","Mainland China"
"Shanxi","Mainland China",2020-01-27 09:00:00,13,NA,NA,2020-01-27,"Outside Hubei","Mainland China"
"Inner Mongolia","Mainland China",2020-01-27 09:00:00,11,NA,NA,2020-01-27,"Outside Hubei","Mainland China"
"Hong Kong","Hong Kong",2020-01-27 09:00:00,8,NA,NA,2020-01-27,"Outside Hubei","Outside China"
"Guizhou","Mainland China",2020-01-27 09:00:00,7,NA,NA,2020-01-27,"Outside Hubei","Mainland China"
"Ningxia","Mainland China",2020-01-27 09:00:00,7,NA,NA,2020-01-27,"Outside Hubei","Mainland China"
"Jilin","Mainland China",2020-01-27 09:00:00,6,NA,NA,2020-01-27,"Outside Hubei","Mainland China"
"Macau","Macau",2020-01-27 09:00:00,6,NA,NA,2020-01-27,"Outside Hubei","Outside China"
"Taiwan","Taiwan",2020-01-27 09:00:00,5,NA,NA,2020-01-27,"Outside Hubei","Outside China"
"Xinjiang","Mainland China",2020-01-27 09:00:00,5,NA,NA,2020-01-27,"Outside Hubei","Mainland China"
"Qinghai","Mainland China",2020-01-27 09:00:00,4,NA,NA,2020-01-27,"Outside Hubei","Mainland China"
"Washington","US",2020-01-27 09:00:00,1,NA,NA,2020-01-27,"Outside Hubei","Outside China"
"Illinois","US",2020-01-27 09:00:00,1,NA,NA,2020-01-27,"Outside Hubei","Outside China"
"California","US",2020-01-27 09:00:00,2,NA,NA,2020-01-27,"Outside Hubei","Outside China"
"Arizona","US",2020-01-27 09:00:00,1,NA,NA,2020-01-27,"Outside Hubei","Outside China"
NA,"Japan",2020-01-27 09:00:00,4,NA,1,2020-01-27,"Outside Hubei","Outside China"
NA,"Thailand",2020-01-27 09:00:00,8,NA,2,2020-01-27,"Outside Hubei","Outside China"
NA,"South Korea",2020-01-27 09:00:00,4,NA,NA,2020-01-27,"Outside Hubei","Outside China"
NA,"Singapore",2020-01-27 09:00:00,4,NA,NA,2020-01-27,"Outside Hubei","Outside China"
NA,"Vietnam",2020-01-27 09:00:00,2,NA,NA,2020-01-27,"Outside Hubei","Outside China"
NA,"France",2020-01-27 09:00:00,3,NA,NA,2020-01-27,"Outside Hubei","Outside China"
NA,"Australia",2020-01-27 09:00:00,5,NA,NA,2020-01-27,"Outside Hubei","Outside China"
NA,"Nepal",2020-01-27 09:00:00,1,NA,NA,2020-01-27,"Outside Hubei","Outside China"
NA,"Malaysia",2020-01-27 09:00:00,4,NA,NA,2020-01-27,"Outside Hubei","Outside China"
"Ontario","Canada",2020-01-27 09:00:00,1,NA,NA,2020-01-27,"Outside Hubei","Outside China"
NA,"Cambodia",2020-01-27 09:00:00,1,NA,NA,2020-01-27,"Outside Hubei","Outside China"
"Hubei","Mainland China",2020-01-26 23:00:00,1423,76,44,2020-01-26,"Hubei","Mainland China"
"Guangdong","Mainland China",2020-01-26 23:00:00,146,NA,2,2020-01-26,"Outside Hubei","Mainland China"
"Zhejiang","Mainland China",2020-01-26 23:00:00,128,NA,1,2020-01-26,"Outside Hubei","Mainland China"
"Henan","Mainland China",2020-01-26 23:00:00,128,1,NA,2020-01-26,"Outside Hubei","Mainland China"
"Chongqing","Mainland China",2020-01-26 23:00:00,110,NA,NA,2020-01-26,"Outside Hubei","Mainland China"
"Hunan","Mainland China",2020-01-26 23:00:00,100,NA,NA,2020-01-26,"Outside Hubei","Mainland China"
"Anhui","Mainland China",2020-01-26 23:00:00,70,NA,NA,2020-01-26,"Outside Hubei","Mainland China"
"Sichuan","Mainland China",2020-01-26 23:00:00,69,NA,NA,2020-01-26,"Outside Hubei","Mainland China"
"Beijing","Mainland China",2020-01-26 23:00:00,68,NA,2,2020-01-26,"Outside Hubei","Mainland China"
"Shandong","Mainland China",2020-01-26 23:00:00,63,NA,NA,2020-01-26,"Outside Hubei","Mainland China"
"Shanghai","Mainland China",2020-01-26 23:00:00,53,1,1,2020-01-26,"Outside Hubei","Mainland China"
"Jiangxi","Mainland China",2020-01-26 23:00:00,48,NA,NA,2020-01-26,"Outside Hubei","Mainland China"
"Jiangsu","Mainland China",2020-01-26 23:00:00,47,NA,1,2020-01-26,"Outside Hubei","Mainland China"
"Guangxi","Mainland China",2020-01-26 23:00:00,46,NA,NA,2020-01-26,"Outside Hubei","Mainland China"
"Fujian","Mainland China",2020-01-26 23:00:00,35,NA,NA,2020-01-26,"Outside Hubei","Mainland China"
"Liaoning","Mainland China",2020-01-26 23:00:00,23,NA,NA,2020-01-26,"Outside Hubei","Mainland China"
"Hainan","Mainland China",2020-01-26 23:00:00,22,NA,NA,2020-01-26,"Outside Hubei","Mainland China"
"Shaanxi","Mainland China",2020-01-26 23:00:00,22,NA,NA,2020-01-26,"Outside Hubei","Mainland China"
"Heilongjiang","Mainland China",2020-01-26 23:00:00,21,1,NA,2020-01-26,"Outside Hubei","Mainland China"
"Yunnan","Mainland China",2020-01-26 23:00:00,19,NA,NA,2020-01-26,"Outside Hubei","Mainland China"
"Hebei","Mainland China",2020-01-26 23:00:00,18,1,NA,2020-01-26,"Outside Hubei","Mainland China"
"Tianjin","Mainland China",2020-01-26 23:00:00,14,NA,NA,2020-01-26,"Outside Hubei","Mainland China"
"Gansu","Mainland China",2020-01-26 23:00:00,14,NA,NA,2020-01-26,"Outside Hubei","Mainland China"
"Shanxi","Mainland China",2020-01-26 23:00:00,13,NA,NA,2020-01-26,"Outside Hubei","Mainland China"
"Inner Mongolia","Mainland China",2020-01-26 23:00:00,11,NA,NA,2020-01-26,"Outside Hubei","Mainland China"
"Hong Kong","Hong Kong",2020-01-26 23:00:00,8,NA,NA,2020-01-26,"Outside Hubei","Outside China"
"Guizhou","Mainland China",2020-01-26 23:00:00,7,NA,NA,2020-01-26,"Outside Hubei","Mainland China"
"Jilin","Mainland China",2020-01-26 23:00:00,6,NA,NA,2020-01-26,"Outside Hubei","Mainland China"
"Macau","Macau",2020-01-26 23:00:00,6,NA,NA,2020-01-26,"Outside Hubei","Outside China"
"Xinjiang","Mainland China",2020-01-26 23:00:00,5,NA,NA,2020-01-26,"Outside Hubei","Mainland China"
"Ningxia","Mainland China",2020-01-26 23:00:00,4,NA,NA,2020-01-26,"Outside Hubei","Mainland China"
"Taiwan","Taiwan",2020-01-26 23:00:00,4,NA,NA,2020-01-26,"Outside Hubei","Outside China"
"Qinghai","Mainland China",2020-01-26 23:00:00,4,NA,NA,2020-01-26,"Outside Hubei","Mainland China"
"Washington","US",2020-01-26 23:00:00,1,NA,NA,2020-01-26,"Outside Hubei","Outside China"
"Illinois","US",2020-01-26 23:00:00,1,NA,NA,2020-01-26,"Outside Hubei","Outside China"
"California","US",2020-01-26 23:00:00,2,NA,NA,2020-01-26,"Outside Hubei","Outside China"
"Arizona","US",2020-01-26 23:00:00,1,NA,NA,2020-01-26,"Outside Hubei","Outside China"
NA,"Japan",2020-01-26 23:00:00,4,NA,1,2020-01-26,"Outside Hubei","Outside China"
NA,"Thailand",2020-01-26 23:00:00,8,NA,2,2020-01-26,"Outside Hubei","Outside China"
NA,"South Korea",2020-01-26 23:00:00,3,NA,NA,2020-01-26,"Outside Hubei","Outside China"
NA,"Singapore",2020-01-26 23:00:00,4,NA,NA,2020-01-26,"Outside Hubei","Outside China"
NA,"Vietnam",2020-01-26 23:00:00,2,NA,NA,2020-01-26,"Outside Hubei","Outside China"
NA,"France",2020-01-26 23:00:00,3,NA,NA,2020-01-26,"Outside Hubei","Outside China"
NA,"Australia",2020-01-26 23:00:00,4,NA,NA,2020-01-26,"Outside Hubei","Outside China"
NA,"Nepal",2020-01-26 23:00:00,1,NA,NA,2020-01-26,"Outside Hubei","Outside China"
NA,"Malaysia",2020-01-26 23:00:00,4,NA,NA,2020-01-26,"Outside Hubei","Outside China"
"Ontario","Canada",2020-01-26 23:00:00,1,NA,NA,2020-01-26,"Outside Hubei","Outside China"
"Hubei","Mainland China",2020-01-26 11:00:00,1058,52,42,2020-01-26,"Hubei","Mainland China"
"Guangdong","Mainland China",2020-01-26 11:00:00,111,NA,2,2020-01-26,"Outside Hubei","Mainland China"
"Zhejiang","Mainland China",2020-01-26 11:00:00,104,NA,1,2020-01-26,"Outside Hubei","Mainland China"
"Henan","Mainland China",2020-01-26 11:00:00,83,1,NA,2020-01-26,"Outside Hubei","Mainland China"
"Chongqing","Mainland China",2020-01-26 11:00:00,75,NA,NA,2020-01-26,"Outside Hubei","Mainland China"
"Hunan","Mainland China",2020-01-26 11:00:00,69,NA,NA,2020-01-26,"Outside Hubei","Mainland China"
"Beijing","Mainland China",2020-01-26 11:00:00,68,NA,2,2020-01-26,"Outside Hubei","Mainland China"
"Anhui","Mainland China",2020-01-26 11:00:00,60,NA,NA,2020-01-26,"Outside Hubei","Mainland China"
"Shandong","Mainland China",2020-01-26 11:00:00,46,NA,NA,2020-01-26,"Outside Hubei","Mainland China"
"Sichuan","Mainland China",2020-01-26 11:00:00,44,NA,NA,2020-01-26,"Outside Hubei","Mainland China"
"Shanghai","Mainland China",2020-01-26 11:00:00,40,1,1,2020-01-26,"Outside Hubei","Mainland China"
"Guangxi","Mainland China",2020-01-26 11:00:00,36,NA,NA,2020-01-26,"Outside Hubei","Mainland China"
"Jiangxi","Mainland China",2020-01-26 11:00:00,36,NA,NA,2020-01-26,"Outside Hubei","Mainland China"
"Fujian","Mainland China",2020-01-26 11:00:00,35,NA,NA,2020-01-26,"Outside Hubei","Mainland China"
"Jiangsu","Mainland China",2020-01-26 11:00:00,33,NA,1,2020-01-26,"Outside Hubei","Mainland China"
"Hainan","Mainland China",2020-01-26 11:00:00,22,NA,NA,2020-01-26,"Outside Hubei","Mainland China"
"Shaanxi","Mainland China",2020-01-26 11:00:00,22,NA,NA,2020-01-26,"Outside Hubei","Mainland China"
"Liaoning","Mainland China",2020-01-26 11:00:00,21,NA,NA,2020-01-26,"Outside Hubei","Mainland China"
"Yunnan","Mainland China",2020-01-26 11:00:00,16,NA,NA,2020-01-26,"Outside Hubei","Mainland China"
"Heilongjiang","Mainland China",2020-01-26 11:00:00,15,1,NA,2020-01-26,"Outside Hubei","Mainland China"
"Tianjin","Mainland China",2020-01-26 11:00:00,14,NA,NA,2020-01-26,"Outside Hubei","Mainland China"
"Hebei","Mainland China",2020-01-26 11:00:00,13,1,NA,2020-01-26,"Outside Hubei","Mainland China"
"Shanxi","Mainland China",2020-01-26 11:00:00,9,NA,NA,2020-01-26,"Outside Hubei","Mainland China"
"Hong Kong","Hong Kong",2020-01-26 11:00:00,8,NA,NA,2020-01-26,"Outside Hubei","Outside China"
"Inner Mongolia","Mainland China",2020-01-26 11:00:00,7,NA,NA,2020-01-26,"Outside Hubei","Mainland China"
"Gansu","Mainland China",2020-01-26 11:00:00,7,NA,NA,2020-01-26,"Outside Hubei","Mainland China"
"Guizhou","Mainland China",2020-01-26 11:00:00,5,NA,NA,2020-01-26,"Outside Hubei","Mainland China"
"Macau","Macau",2020-01-26 11:00:00,5,NA,NA,2020-01-26,"Outside Hubei","Outside China"
"Ningxia","Mainland China",2020-01-26 11:00:00,4,NA,NA,2020-01-26,"Outside Hubei","Mainland China"
"Jilin","Mainland China",2020-01-26 11:00:00,4,NA,NA,2020-01-26,"Outside Hubei","Mainland China"
"Taiwan","Taiwan",2020-01-26 11:00:00,4,NA,NA,2020-01-26,"Outside Hubei","Outside China"
"Xinjiang","Mainland China",2020-01-26 11:00:00,4,NA,NA,2020-01-26,"Outside Hubei","Mainland China"
"Qinghai","Mainland China",2020-01-26 11:00:00,1,NA,NA,2020-01-26,"Outside Hubei","Mainland China"
"Washington","US",2020-01-26 11:00:00,1,NA,NA,2020-01-26,"Outside Hubei","Outside China"
"Illinois","US",2020-01-26 11:00:00,1,NA,NA,2020-01-26,"Outside Hubei","Outside China"
"California","US",2020-01-26 11:00:00,1,NA,NA,2020-01-26,"Outside Hubei","Outside China"
NA,"Japan",2020-01-26 11:00:00,4,NA,1,2020-01-26,"Outside Hubei","Outside China"
NA,"Thailand",2020-01-26 11:00:00,8,NA,2,2020-01-26,"Outside Hubei","Outside China"
NA,"South Korea",2020-01-26 11:00:00,3,NA,NA,2020-01-26,"Outside Hubei","Outside China"
NA,"Singapore",2020-01-26 11:00:00,4,NA,NA,2020-01-26,"Outside Hubei","Outside China"
NA,"Vietnam",2020-01-26 11:00:00,2,NA,NA,2020-01-26,"Outside Hubei","Outside China"
NA,"France",2020-01-26 11:00:00,3,NA,NA,2020-01-26,"Outside Hubei","Outside China"
NA,"Australia",2020-01-26 11:00:00,4,NA,NA,2020-01-26,"Outside Hubei","Outside China"
NA,"Nepal",2020-01-26 11:00:00,1,NA,NA,2020-01-26,"Outside Hubei","Outside China"
NA,"Malaysia",2020-01-26 11:00:00,4,NA,NA,2020-01-26,"Outside Hubei","Outside China"
"Ontario","Canada",2020-01-26 11:00:00,1,NA,NA,2020-01-26,"Outside Hubei","Outside China"
"Hubei","Mainland China",2020-01-25 22:00:00,1052,52,42,2020-01-25,"Hubei","Mainland China"
"Zhejiang","Mainland China",2020-01-25 22:00:00,104,NA,1,2020-01-25,"Outside Hubei","Mainland China"
"Guangdong","Mainland China",2020-01-25 12:00:00,98,NA,2,2020-01-25,"Outside Hubei","Mainland China"
"Henan","Mainland China",2020-01-25 12:00:00,83,1,NA,2020-01-25,"Outside Hubei","Mainland China"
"Chongqing","Mainland China",2020-01-25 12:00:00,75,NA,NA,2020-01-25,"Outside Hubei","Mainland China"
"Hunan","Mainland China",2020-01-25 12:00:00,69,NA,NA,2020-01-25,"Outside Hubei","Mainland China"
"Anhui","Mainland China",2020-01-25 12:00:00,60,NA,NA,2020-01-25,"Outside Hubei","Mainland China"
"Beijing","Mainland China",2020-01-25 12:00:00,51,NA,2,2020-01-25,"Outside Hubei","Mainland China"
"Sichuan","Mainland China",2020-01-25 12:00:00,44,NA,NA,2020-01-25,"Outside Hubei","Mainland China"
"Shanghai","Mainland China",2020-01-25 12:00:00,40,1,1,2020-01-25,"Outside Hubei","Mainland China"
"Shandong","Mainland China",2020-01-25 12:00:00,39,NA,NA,2020-01-25,"Outside Hubei","Mainland China"
"Jiangxi","Mainland China",2020-01-25 12:00:00,36,NA,NA,2020-01-25,"Outside Hubei","Mainland China"
"Guangxi","Mainland China",2020-01-25 12:00:00,33,NA,NA,2020-01-25,"Outside Hubei","Mainland China"
"Jiangsu","Mainland China",2020-01-25 12:00:00,31,NA,1,2020-01-25,"Outside Hubei","Mainland China"
"Hainan","Mainland China",2020-01-25 12:00:00,19,NA,NA,2020-01-25,"Outside Hubei","Mainland China"
"Liaoning","Mainland China",2020-01-25 12:00:00,19,NA,NA,2020-01-25,"Outside Hubei","Mainland China"
"Fujian","Mainland China",2020-01-25 12:00:00,18,1,NA,2020-01-25,"Outside Hubei","Mainland China"
"Heilongjiang","Mainland China",2020-01-25 12:00:00,15,NA,NA,2020-01-25,"Outside Hubei","Mainland China"
"Shaanxi","Mainland China",2020-01-25 12:00:00,15,NA,NA,2020-01-25,"Outside Hubei","Mainland China"
"Tianjin","Mainland China",2020-01-25 12:00:00,13,NA,NA,2020-01-25,"Outside Hubei","Mainland China"
"Hebei","Mainland China",2020-01-25 12:00:00,13,1,NA,2020-01-25,"Outside Hubei","Mainland China"
"Yunnan","Mainland China",2020-01-25 12:00:00,11,NA,NA,2020-01-25,"Outside Hubei","Mainland China"
"Shanxi","Mainland China",2020-01-25 12:00:00,9,NA,NA,2020-01-25,"Outside Hubei","Mainland China"
"Inner Mongolia","Mainland China",2020-01-25 12:00:00,7,NA,NA,2020-01-25,"Outside Hubei","Mainland China"
"Gansu","Mainland China",2020-01-25 12:00:00,7,NA,NA,2020-01-25,"Outside Hubei","Mainland China"
"Guizhou","Mainland China",2020-01-25 12:00:00,5,NA,NA,2020-01-25,"Outside Hubei","Mainland China"
"Hong Kong","Hong Kong",2020-01-25 12:00:00,5,NA,NA,2020-01-25,"Outside Hubei","Outside China"
"Ningxia","Mainland China",2020-01-25 12:00:00,4,NA,NA,2020-01-25,"Outside Hubei","Mainland China"
"Jilin","Mainland China",2020-01-25 12:00:00,4,NA,NA,2020-01-25,"Outside Hubei","Mainland China"
"Xinjiang","Mainland China",2020-01-25 12:00:00,4,NA,NA,2020-01-25,"Outside Hubei","Mainland China"
"Taiwan","Taiwan",2020-01-25 12:00:00,3,NA,NA,2020-01-25,"Outside Hubei","Outside China"
"Macau","Macau",2020-01-25 12:00:00,2,NA,NA,2020-01-25,"Outside Hubei","Outside China"
"Qinghai","Mainland China",2020-01-25 12:00:00,1,NA,NA,2020-01-25,"Outside Hubei","Mainland China"
"Washington","US",2020-01-25 12:00:00,1,NA,NA,2020-01-25,"Outside Hubei","Outside China"
"Illinois","US",2020-01-25 12:00:00,1,NA,NA,2020-01-25,"Outside Hubei","Outside China"
NA,"Japan",2020-01-25 12:00:00,2,NA,NA,2020-01-25,"Outside Hubei","Outside China"
NA,"Thailand",2020-01-25 12:00:00,7,NA,NA,2020-01-25,"Outside Hubei","Outside China"
NA,"South Korea",2020-01-25 12:00:00,3,NA,NA,2020-01-25,"Outside Hubei","Outside China"
NA,"Singapore",2020-01-25 12:00:00,3,NA,NA,2020-01-25,"Outside Hubei","Outside China"
NA,"Vietnam",2020-01-25 12:00:00,2,NA,NA,2020-01-25,"Outside Hubei","Outside China"
NA,"France",2020-01-25 12:00:00,3,NA,NA,2020-01-25,"Outside Hubei","Outside China"
NA,"Australia",2020-01-25 12:00:00,4,NA,NA,2020-01-25,"Outside Hubei","Outside China"
NA,"Nepal",2020-01-25 12:00:00,1,NA,NA,2020-01-25,"Outside Hubei","Outside China"
NA,"Malaysia",2020-01-25 12:00:00,3,NA,NA,2020-01-25,"Outside Hubei","Outside China"
"Hubei","Mainland China",2020-01-25 12:00:00,761,40,32,2020-01-25,"Hubei","Mainland China"
"Guangdong","Mainland China",2020-01-25 12:00:00,78,NA,2,2020-01-25,"Outside Hubei","Mainland China"
"Zhejiang","Mainland China",2020-01-25 12:00:00,62,NA,1,2020-01-25,"Outside Hubei","Mainland China"
"Chongqing","Mainland China",2020-01-25 12:00:00,57,NA,NA,2020-01-25,"Outside Hubei","Mainland China"
"Hunan","Mainland China",2020-01-25 12:00:00,43,NA,NA,2020-01-25,"Outside Hubei","Mainland China"
"Beijing","Mainland China",2020-01-25 12:00:00,41,NA,2,2020-01-25,"Outside Hubei","Mainland China"
"Anhui","Mainland China",2020-01-25 12:00:00,39,NA,NA,2020-01-25,"Outside Hubei","Mainland China"
"Shanghai","Mainland China",2020-01-25 12:00:00,33,NA,1,2020-01-25,"Outside Hubei","Mainland China"
"Henan","Mainland China",2020-01-25 12:00:00,32,NA,NA,2020-01-25,"Outside Hubei","Mainland China"
"Sichuan","Mainland China",2020-01-25 12:00:00,28,NA,NA,2020-01-25,"Outside Hubei","Mainland China"
"Shandong","Mainland China",2020-01-25 12:00:00,27,NA,NA,2020-01-25,"Outside Hubei","Mainland China"
"Guangxi","Mainland China",2020-01-25 12:00:00,23,NA,NA,2020-01-25,"Outside Hubei","Mainland China"
"Hainan","Mainland China",2020-01-25 12:00:00,19,NA,NA,2020-01-25,"Outside Hubei","Mainland China"
"Jiangxi","Mainland China",2020-01-25 12:00:00,18,NA,NA,2020-01-25,"Outside Hubei","Mainland China"
"Fujian","Mainland China",2020-01-25 12:00:00,18,NA,NA,2020-01-25,"Outside Hubei","Mainland China"
"Jiangsu","Mainland China",2020-01-25 12:00:00,18,NA,1,2020-01-25,"Outside Hubei","Mainland China"
"Liaoning","Mainland China",2020-01-25 12:00:00,17,NA,NA,2020-01-25,"Outside Hubei","Mainland China"
"Shaanxi","Mainland China",2020-01-25 12:00:00,15,NA,NA,2020-01-25,"Outside Hubei","Mainland China"
"Yunnan","Mainland China",2020-01-25 12:00:00,11,NA,NA,2020-01-25,"Outside Hubei","Mainland China"
"Tianjin","Mainland China",2020-01-25 12:00:00,10,NA,NA,2020-01-25,"Outside Hubei","Mainland China"
"Heilongjiang","Mainland China",2020-01-25 12:00:00,9,1,NA,2020-01-25,"Outside Hubei","Mainland China"
"Hebei","Mainland China",2020-01-25 12:00:00,8,1,NA,2020-01-25,"Outside Hubei","Mainland China"
"Inner Mongolia","Mainland China",2020-01-25 12:00:00,7,NA,NA,2020-01-25,"Outside Hubei","Mainland China"
"Shanxi","Mainland China",2020-01-25 12:00:00,6,NA,NA,2020-01-25,"Outside Hubei","Mainland China"
"Hong Kong","Hong Kong",2020-01-25 12:00:00,5,NA,NA,2020-01-25,"Outside Hubei","Outside China"
"Guizhou","Mainland China",2020-01-25 12:00:00,4,NA,NA,2020-01-25,"Outside Hubei","Mainland China"
"Jilin","Mainland China",2020-01-25 12:00:00,4,NA,NA,2020-01-25,"Outside Hubei","Mainland China"
"Gansu","Mainland China",2020-01-25 12:00:00,4,NA,NA,2020-01-25,"Outside Hubei","Mainland China"
"Ningxia","Mainland China",2020-01-25 12:00:00,3,NA,NA,2020-01-25,"Outside Hubei","Mainland China"
"Taiwan","Taiwan",2020-01-25 12:00:00,3,NA,NA,2020-01-25,"Outside Hubei","Outside China"
"Xinjiang","Mainland China",2020-01-25 12:00:00,3,NA,NA,2020-01-25,"Outside Hubei","Mainland China"
"Macau","Macau",2020-01-25 12:00:00,2,NA,NA,2020-01-25,"Outside Hubei","Outside China"
"Qinghai","Mainland China",2020-01-25 12:00:00,1,NA,NA,2020-01-25,"Outside Hubei","Mainland China"
"Washington","US",2020-01-25 12:00:00,1,NA,NA,2020-01-25,"Outside Hubei","Outside China"
"Illinois","US",2020-01-25 12:00:00,1,NA,NA,2020-01-25,"Outside Hubei","Outside China"
NA,"Japan",2020-01-25 12:00:00,2,NA,NA,2020-01-25,"Outside Hubei","Outside China"
NA,"Thailand",2020-01-25 12:00:00,7,NA,NA,2020-01-25,"Outside Hubei","Outside China"
NA,"South Korea",2020-01-25 12:00:00,2,NA,NA,2020-01-25,"Outside Hubei","Outside China"
NA,"Singapore",2020-01-25 12:00:00,3,NA,NA,2020-01-25,"Outside Hubei","Outside China"
NA,"Vietnam",2020-01-25 12:00:00,2,NA,NA,2020-01-25,"Outside Hubei","Outside China"
NA,"France",2020-01-25 12:00:00,3,NA,NA,2020-01-25,"Outside Hubei","Outside China"
NA,"Australia",2020-01-25 12:00:00,4,NA,NA,2020-01-25,"Outside Hubei","Outside China"
NA,"Nepal",2020-01-25 12:00:00,1,NA,NA,2020-01-25,"Outside Hubei","Outside China"
NA,"Malaysia",2020-01-25 12:00:00,3,NA,NA,2020-01-25,"Outside Hubei","Outside China"
"Hubei","Mainland China",2020-01-25 00:00:00,729,39,32,2020-01-25,"Hubei","Mainland China"
"Guangdong","Mainland China",2020-01-25 00:00:00,78,NA,2,2020-01-25,"Outside Hubei","Mainland China"
"Zhejiang","Mainland China",2020-01-25 00:00:00,62,NA,1,2020-01-25,"Outside Hubei","Mainland China"
"Chongqing","Mainland China",2020-01-25 00:00:00,57,NA,NA,2020-01-25,"Outside Hubei","Mainland China"
"Hunan","Mainland China",2020-01-25 00:00:00,43,NA,NA,2020-01-25,"Outside Hubei","Mainland China"
"Anhui","Mainland China",2020-01-25 00:00:00,39,NA,NA,2020-01-25,"Outside Hubei","Mainland China"
"Beijing","Mainland China",2020-01-25 00:00:00,36,NA,1,2020-01-25,"Outside Hubei","Mainland China"
"Shanghai","Mainland China",2020-01-25 00:00:00,33,NA,1,2020-01-25,"Outside Hubei","Mainland China"
"Henan","Mainland China",2020-01-25 00:00:00,32,NA,NA,2020-01-25,"Outside Hubei","Mainland China"
"Sichuan","Mainland China",2020-01-25 00:00:00,28,NA,NA,2020-01-25,"Outside Hubei","Mainland China"
"Guangxi","Mainland China",2020-01-25 00:00:00,23,NA,NA,2020-01-25,"Outside Hubei","Mainland China"
"Shandong","Mainland China",2020-01-25 00:00:00,21,NA,NA,2020-01-25,"Outside Hubei","Mainland China"
"Jiangxi","Mainland China",2020-01-25 00:00:00,18,NA,NA,2020-01-25,"Outside Hubei","Mainland China"
"Jiangsu","Mainland China",2020-01-25 00:00:00,18,NA,1,2020-01-25,"Outside Hubei","Mainland China"
"Hainan","Mainland China",2020-01-25 00:00:00,17,NA,NA,2020-01-25,"Outside Hubei","Mainland China"
"Liaoning","Mainland China",2020-01-25 00:00:00,15,NA,NA,2020-01-25,"Outside Hubei","Mainland China"
"Fujian","Mainland China",2020-01-25 00:00:00,10,NA,NA,2020-01-25,"Outside Hubei","Mainland China"
"Heilongjiang","Mainland China",2020-01-25 00:00:00,9,1,NA,2020-01-25,"Outside Hubei","Mainland China"
"Tianjin","Mainland China",2020-01-25 00:00:00,8,NA,NA,2020-01-25,"Outside Hubei","Mainland China"
"Hebei","Mainland China",2020-01-25 00:00:00,8,1,NA,2020-01-25,"Outside Hubei","Mainland China"
"Shanxi","Mainland China",2020-01-25 00:00:00,6,NA,NA,2020-01-25,"Outside Hubei","Mainland China"
"Yunnan","Mainland China",2020-01-25 00:00:00,5,NA,NA,2020-01-25,"Outside Hubei","Mainland China"
"Hong Kong","Hong Kong",2020-01-25 00:00:00,5,NA,NA,2020-01-25,"Outside Hubei","Outside China"
"Shaanxi","Mainland China",2020-01-25 00:00:00,5,NA,NA,2020-01-25,"Outside Hubei","Mainland China"
"Guizhou","Mainland China",2020-01-25 00:00:00,4,NA,NA,2020-01-25,"Outside Hubei","Mainland China"
"Jilin","Mainland China",2020-01-25 00:00:00,4,NA,NA,2020-01-25,"Outside Hubei","Mainland China"
"Gansu","Mainland China",2020-01-25 00:00:00,4,NA,NA,2020-01-25,"Outside Hubei","Mainland China"
"Ningxia","Mainland China",2020-01-25 00:00:00,3,NA,NA,2020-01-25,"Outside Hubei","Mainland China"
"Taiwan","Taiwan",2020-01-25 00:00:00,3,NA,NA,2020-01-25,"Outside Hubei","Outside China"
"Xinjiang","Mainland China",2020-01-25 00:00:00,3,NA,NA,2020-01-25,"Outside Hubei","Mainland China"
"Macau","Macau",2020-01-25 00:00:00,2,NA,NA,2020-01-25,"Outside Hubei","Outside China"
"Inner Mongolia","Mainland China",2020-01-25 00:00:00,2,NA,NA,2020-01-25,"Outside Hubei","Mainland China"
"Qinghai","Mainland China",2020-01-25 00:00:00,NA,NA,NA,2020-01-25,"Outside Hubei","Mainland China"
"Washington","US",2020-01-25 00:00:00,1,NA,NA,2020-01-25,"Outside Hubei","Outside China"
"Illinois","US",2020-01-25 00:00:00,1,NA,NA,2020-01-25,"Outside Hubei","Outside China"
NA,"Japan",2020-01-25 00:00:00,2,NA,NA,2020-01-25,"Outside Hubei","Outside China"
NA,"Thailand",2020-01-25 00:00:00,5,NA,NA,2020-01-25,"Outside Hubei","Outside China"
NA,"South Korea",2020-01-25 00:00:00,2,NA,NA,2020-01-25,"Outside Hubei","Outside China"
NA,"Singapore",2020-01-25 00:00:00,3,NA,NA,2020-01-25,"Outside Hubei","Outside China"
NA,"Vietnam",2020-01-25 00:00:00,2,NA,NA,2020-01-25,"Outside Hubei","Outside China"
NA,"France",2020-01-25 00:00:00,3,NA,NA,2020-01-25,"Outside Hubei","Outside China"
NA,"Australia",2020-01-25 00:00:00,1,NA,NA,2020-01-25,"Outside Hubei","Outside China"
NA,"Nepal",2020-01-25 00:00:00,1,NA,NA,2020-01-25,"Outside Hubei","Outside China"
NA,"Malaysia",2020-01-25 00:00:00,3,NA,NA,2020-01-25,"Outside Hubei","Outside China"
"Hubei","Mainland China",2020-01-24 12:00:00,549,24,31,2020-01-24,"Hubei","Mainland China"
"Guangdong","Mainland China",2020-01-24 12:00:00,53,NA,2,2020-01-24,"Outside Hubei","Mainland China"
"Zhejiang","Mainland China",2020-01-24 12:00:00,43,NA,1,2020-01-24,"Outside Hubei","Mainland China"
"Beijing","Mainland China",2020-01-24 12:00:00,36,NA,1,2020-01-24,"Outside Hubei","Mainland China"
"Chongqing","Mainland China",2020-01-24 12:00:00,27,NA,NA,2020-01-24,"Outside Hubei","Mainland China"
"Hunan","Mainland China",2020-01-24 12:00:00,24,NA,NA,2020-01-24,"Outside Hubei","Mainland China"
"Guangxi","Mainland China",2020-01-24 12:00:00,23,NA,NA,2020-01-24,"Outside Hubei","Mainland China"
"Shanghai","Mainland China",2020-01-24 12:00:00,20,NA,1,2020-01-24,"Outside Hubei","Mainland China"
"Jiangxi","Mainland China",2020-01-24 12:00:00,18,NA,NA,2020-01-24,"Outside Hubei","Mainland China"
"Sichuan","Mainland China",2020-01-24 12:00:00,15,NA,NA,2020-01-24,"Outside Hubei","Mainland China"
"Shandong","Mainland China",2020-01-24 12:00:00,15,NA,NA,2020-01-24,"Outside Hubei","Mainland China"
"Anhui","Mainland China",2020-01-24 12:00:00,15,NA,NA,2020-01-24,"Outside Hubei","Mainland China"
"Fujian","Mainland China",2020-01-24 12:00:00,10,NA,NA,2020-01-24,"Outside Hubei","Mainland China"
"Henan","Mainland China",2020-01-24 12:00:00,9,NA,NA,2020-01-24,"Outside Hubei","Mainland China"
"Jiangsu","Mainland China",2020-01-24 12:00:00,9,NA,NA,2020-01-24,"Outside Hubei","Mainland China"
"Hainan","Mainland China",2020-01-24 12:00:00,8,NA,NA,2020-01-24,"Outside Hubei","Mainland China"
"Tianjin","Mainland China",2020-01-24 12:00:00,8,NA,NA,2020-01-24,"Outside Hubei","Mainland China"
"Yunnan","Mainland China",2020-01-24 12:00:00,5,NA,NA,2020-01-24,"Outside Hubei","Mainland China"
"Shaanxi","Mainland China",2020-01-24 12:00:00,5,NA,NA,2020-01-24,"Outside Hubei","Mainland China"
"Heilongjiang","Mainland China",2020-01-24 12:00:00,4,1,NA,2020-01-24,"Outside Hubei","Mainland China"
"Liaoning","Mainland China",2020-01-24 12:00:00,4,NA,NA,2020-01-24,"Outside Hubei","Mainland China"
"Guizhou","Mainland China",2020-01-24 12:00:00,3,NA,NA,2020-01-24,"Outside Hubei","Mainland China"
"Jilin","Mainland China",2020-01-24 12:00:00,3,NA,NA,2020-01-24,"Outside Hubei","Mainland China"
"Taiwan","Taiwan",2020-01-24 12:00:00,3,NA,NA,2020-01-24,"Outside Hubei","Outside China"
"Ningxia","Mainland China",2020-01-24 12:00:00,2,NA,NA,2020-01-24,"Outside Hubei","Mainland China"
"Hong Kong","Hong Kong",2020-01-24 12:00:00,2,NA,NA,2020-01-24,"Outside Hubei","Outside China"
"Macau","Macau",2020-01-24 12:00:00,2,NA,NA,2020-01-24,"Outside Hubei","Outside China"
"Hebei","Mainland China",2020-01-24 12:00:00,2,1,NA,2020-01-24,"Outside Hubei","Mainland China"
"Gansu","Mainland China",2020-01-24 12:00:00,2,NA,NA,2020-01-24,"Outside Hubei","Mainland China"
"Xinjiang","Mainland China",2020-01-24 12:00:00,2,NA,NA,2020-01-24,"Outside Hubei","Mainland China"
"Shanxi","Mainland China",2020-01-24 12:00:00,1,NA,NA,2020-01-24,"Outside Hubei","Mainland China"
"Inner Mongolia","Mainland China",2020-01-24 12:00:00,1,NA,NA,2020-01-24,"Outside Hubei","Mainland China"
"Qinghai","Mainland China",2020-01-24 12:00:00,NA,NA,NA,2020-01-24,"Outside Hubei","Mainland China"
"Washington","US",2020-01-24 12:00:00,1,NA,NA,2020-01-24,"Outside Hubei","Outside China"
"Chicago","US",2020-01-24 12:00:00,1,NA,NA,2020-01-24,"Outside Hubei","Outside China"
NA,"Japan",2020-01-24 12:00:00,2,NA,NA,2020-01-24,"Outside Hubei","Outside China"
NA,"Thailand",2020-01-24 12:00:00,5,NA,NA,2020-01-24,"Outside Hubei","Outside China"
NA,"South Korea",2020-01-24 12:00:00,2,NA,NA,2020-01-24,"Outside Hubei","Outside China"
NA,"Singapore",2020-01-24 12:00:00,3,NA,NA,2020-01-24,"Outside Hubei","Outside China"
NA,"Vietnam",2020-01-24 12:00:00,2,NA,NA,2020-01-24,"Outside Hubei","Outside China"
NA,"France",2020-01-24 16:00:00,2,NA,NA,2020-01-24,"Outside Hubei","Outside China"
"Hubei","Mainland China",2020-01-24 00:00:00,549,24,31,2020-01-24,"Hubei","Mainland China"
"Guangdong","Mainland China",2020-01-24 00:00:00,53,NA,2,2020-01-24,"Outside Hubei","Mainland China"
"Zhejiang","Mainland China",2020-01-24 00:00:00,43,NA,1,2020-01-24,"Outside Hubei","Mainland China"
"Beijing","Mainland China",2020-01-24 00:00:00,26,NA,NA,2020-01-24,"Outside Hubei","Mainland China"
"Shanghai","Mainland China",2020-01-24 00:00:00,20,NA,NA,2020-01-24,"Outside Hubei","Mainland China"
"Hunan","Mainland China",2020-01-24 00:00:00,24,NA,NA,2020-01-24,"Outside Hubei","Mainland China"
"Anhui","Mainland China",2020-01-24 00:00:00,15,NA,NA,2020-01-24,"Outside Hubei","Mainland China"
"Chongqing","Mainland China",2020-01-24 00:00:00,27,NA,NA,2020-01-24,"Outside Hubei","Mainland China"
"Sichuan","Mainland China",2020-01-24 00:00:00,15,NA,NA,2020-01-24,"Outside Hubei","Mainland China"
"Shandong","Mainland China",2020-01-24 00:00:00,9,NA,NA,2020-01-24,"Outside Hubei","Mainland China"
"Guangxi","Mainland China",2020-01-24 00:00:00,13,NA,NA,2020-01-24,"Outside Hubei","Mainland China"
"Fujian","Mainland China",2020-01-24 00:00:00,5,NA,NA,2020-01-24,"Outside Hubei","Mainland China"
"Jiangsu","Mainland China",2020-01-24 00:00:00,9,NA,NA,2020-01-24,"Outside Hubei","Mainland China"
"Henan","Mainland China",2020-01-24 00:00:00,9,NA,NA,2020-01-24,"Outside Hubei","Mainland China"
"Hainan","Mainland China",2020-01-24 00:00:00,8,NA,NA,2020-01-24,"Outside Hubei","Mainland China"
"Tianjin","Mainland China",2020-01-24 00:00:00,5,NA,NA,2020-01-24,"Outside Hubei","Mainland China"
"Jiangxi","Mainland China",2020-01-24 00:00:00,7,NA,NA,2020-01-24,"Outside Hubei","Mainland China"
"Shaanxi","Mainland China",2020-01-24 00:00:00,3,NA,NA,2020-01-24,"Outside Hubei","Mainland China"
"Guizhou","Mainland China",2020-01-24 00:00:00,3,NA,NA,2020-01-24,"Outside Hubei","Mainland China"
"Liaoning","Mainland China",2020-01-24 00:00:00,4,NA,NA,2020-01-24,"Outside Hubei","Mainland China"
"Hong Kong","Hong Kong",2020-01-24 00:00:00,2,NA,NA,2020-01-24,"Outside Hubei","Outside China"
"Heilongjiang","Mainland China",2020-01-24 00:00:00,4,1,NA,2020-01-24,"Outside Hubei","Mainland China"
"Macau","Macau",2020-01-24 00:00:00,2,NA,NA,2020-01-24,"Outside Hubei","Outside China"
"Xinjiang","Mainland China",2020-01-24 00:00:00,2,NA,NA,2020-01-24,"Outside Hubei","Mainland China"
"Gansu","Mainland China",2020-01-24 00:00:00,2,NA,NA,2020-01-24,"Outside Hubei","Mainland China"
"Yunnan","Mainland China",2020-01-24 00:00:00,2,NA,NA,2020-01-24,"Outside Hubei","Mainland China"
"Taiwan","Taiwan",2020-01-24 00:00:00,1,NA,NA,2020-01-24,"Outside Hubei","Outside China"
"Shanxi","Mainland China",2020-01-24 00:00:00,1,NA,NA,2020-01-24,"Outside Hubei","Mainland China"
"Jilin","Mainland China",2020-01-24 00:00:00,3,NA,NA,2020-01-24,"Outside Hubei","Mainland China"
"Hebei","Mainland China",2020-01-24 00:00:00,2,1,NA,2020-01-24,"Outside Hubei","Mainland China"
"Ningxia","Mainland China",2020-01-24 00:00:00,1,NA,NA,2020-01-24,"Outside Hubei","Mainland China"
"Inner Mongolia","Mainland China",2020-01-24 00:00:00,1,NA,NA,2020-01-24,"Outside Hubei","Mainland China"
"Washington","US",2020-01-24 00:00:00,1,NA,NA,2020-01-24,"Outside Hubei","Outside China"
NA,"Japan",2020-01-24 00:00:00,2,NA,NA,2020-01-24,"Outside Hubei","Outside China"
NA,"Thailand",2020-01-24 00:00:00,4,NA,NA,2020-01-24,"Outside Hubei","Outside China"
NA,"South Korea",2020-01-24 00:00:00,1,NA,NA,2020-01-24,"Outside Hubei","Outside China"
NA,"Singapore",2020-01-24 00:00:00,1,NA,NA,2020-01-24,"Outside Hubei","Outside China"
NA,"Vietnam",2020-01-24 00:00:00,2,NA,NA,2020-01-24,"Outside Hubei","Outside China"
"Anhui","Mainland China",2020-01-23 12:00:00,9,NA,NA,2020-01-23,"Outside Hubei","Mainland China"
"Beijing","Mainland China",2020-01-23 12:00:00,22,NA,NA,2020-01-23,"Outside Hubei","Mainland China"
"Chongqing","Mainland China",2020-01-23 12:00:00,9,NA,NA,2020-01-23,"Outside Hubei","Mainland China"
"Fujian","Mainland China",2020-01-23 12:00:00,5,NA,NA,2020-01-23,"Outside Hubei","Mainland China"
"Gansu","Mainland China",2020-01-23 12:00:00,2,NA,NA,2020-01-23,"Outside Hubei","Mainland China"
"Guangdong","Mainland China",2020-01-23 12:00:00,32,NA,2,2020-01-23,"Outside Hubei","Mainland China"
"Guangxi","Mainland China",2020-01-23 12:00:00,5,NA,NA,2020-01-23,"Outside Hubei","Mainland China"
"Guizhou","Mainland China",2020-01-23 12:00:00,3,NA,NA,2020-01-23,"Outside Hubei","Mainland China"
"Hainan","Mainland China",2020-01-23 12:00:00,5,NA,NA,2020-01-23,"Outside Hubei","Mainland China"
"Hebei","Mainland China",2020-01-23 12:00:00,1,1,NA,2020-01-23,"Outside Hubei","Mainland China"
"Heilongjiang","Mainland China",2020-01-23 12:00:00,2,NA,NA,2020-01-23,"Outside Hubei","Mainland China"
"Henan","Mainland China",2020-01-23 12:00:00,5,NA,NA,2020-01-23,"Outside Hubei","Mainland China"
"Hong Kong","Hong Kong",2020-01-23 12:00:00,2,NA,NA,2020-01-23,"Outside Hubei","Outside China"
"Hubei","Mainland China",2020-01-23 12:00:00,444,17,28,2020-01-23,"Hubei","Mainland China"
"Hunan","Mainland China",2020-01-23 12:00:00,9,NA,NA,2020-01-23,"Outside Hubei","Mainland China"
"Inner Mongolia","Mainland China",2020-01-23 12:00:00,NA,NA,NA,2020-01-23,"Outside Hubei","Mainland China"
"Jiangsu","Mainland China",2020-01-23 12:00:00,5,NA,NA,2020-01-23,"Outside Hubei","Mainland China"
"Jiangxi","Mainland China",2020-01-23 12:00:00,7,NA,NA,2020-01-23,"Outside Hubei","Mainland China"
"Jilin","Mainland China",2020-01-23 12:00:00,1,NA,NA,2020-01-23,"Outside Hubei","Mainland China"
"Liaoning","Mainland China",2020-01-23 12:00:00,3,NA,NA,2020-01-23,"Outside Hubei","Mainland China"
"Macau","Macau",2020-01-23 12:00:00,2,NA,NA,2020-01-23,"Outside Hubei","Outside China"
"Ningxia","Mainland China",2020-01-23 12:00:00,1,NA,NA,2020-01-23,"Outside Hubei","Mainland China"
"Qinghai","Mainland China",2020-01-23 12:00:00,NA,NA,NA,2020-01-23,"Outside Hubei","Mainland China"
"Shaanxi","Mainland China",2020-01-23 12:00:00,3,NA,NA,2020-01-23,"Outside Hubei","Mainland China"
"Shandong","Mainland China",2020-01-23 12:00:00,6,NA,NA,2020-01-23,"Outside Hubei","Mainland China"
"Shanghai","Mainland China",2020-01-23 12:00:00,16,NA,NA,2020-01-23,"Outside Hubei","Mainland China"
"Shanxi","Mainland China",2020-01-23 12:00:00,1,NA,NA,2020-01-23,"Outside Hubei","Mainland China"
"Sichuan","Mainland China",2020-01-23 12:00:00,8,NA,NA,2020-01-23,"Outside Hubei","Mainland China"
"Taiwan","Taiwan",2020-01-23 12:00:00,1,NA,NA,2020-01-23,"Outside Hubei","Outside China"
"Tianjin","Mainland China",2020-01-23 12:00:00,4,NA,NA,2020-01-23,"Outside Hubei","Mainland China"
"Tibet","Mainland China",2020-01-23 12:00:00,NA,NA,NA,2020-01-23,"Outside Hubei","Mainland China"
"Washington","US",2020-01-23 12:00:00,1,NA,NA,2020-01-23,"Outside Hubei","Outside China"
"Xinjiang","Mainland China",2020-01-23 12:00:00,2,NA,NA,2020-01-23,"Outside Hubei","Mainland China"
"Yunnan","Mainland China",2020-01-23 12:00:00,2,NA,NA,2020-01-23,"Outside Hubei","Mainland China"
"Zhejiang","Mainland China",2020-01-23 12:00:00,27,NA,NA,2020-01-23,"Outside Hubei","Mainland China"
NA,"Japan",2020-01-23 12:00:00,1,NA,NA,2020-01-23,"Outside Hubei","Outside China"
NA,"Thailand",2020-01-23 12:00:00,3,NA,NA,2020-01-23,"Outside Hubei","Outside China"
NA,"South Korea",2020-01-23 12:00:00,1,NA,NA,2020-01-23,"Outside Hubei","Outside China"
NA,"Singapore",2020-01-23 12:00:00,1,NA,NA,2020-01-23,"Outside Hubei","Outside China"
NA,"Philippines",2020-01-23 12:00:00,NA,NA,NA,2020-01-23,"Outside Hubei","Outside China"
NA,"Malaysia",2020-01-23 12:00:00,NA,NA,NA,2020-01-23,"Outside Hubei","Outside China"
NA,"Vietnam",2020-01-23 12:00:00,2,NA,NA,2020-01-23,"Outside Hubei","Outside China"
NA,"Australia",2020-01-23 12:00:00,NA,NA,NA,2020-01-23,"Outside Hubei","Outside China"
NA,"Mexico",2020-01-23 12:00:00,NA,NA,NA,2020-01-23,"Outside Hubei","Outside China"
NA,"Brazil",2020-01-23 12:00:00,NA,NA,NA,2020-01-23,"Outside Hubei","Outside China"
NA,"Colombia",2020-01-23 12:00:00,NA,NA,NA,2020-01-23,"Outside Hubei","Outside China"
"Anhui","Mainland China",2020-01-22 12:00:00,1,NA,NA,2020-01-22,"Outside Hubei","Mainland China"
"Beijing","Mainland China",2020-01-22 12:00:00,14,NA,NA,2020-01-22,"Outside Hubei","Mainland China"
"Chongqing","Mainland China",2020-01-22 12:00:00,6,NA,NA,2020-01-22,"Outside Hubei","Mainland China"
"Fujian","Mainland China",2020-01-22 12:00:00,1,NA,NA,2020-01-22,"Outside Hubei","Mainland China"
"Gansu","Mainland China",2020-01-22 12:00:00,NA,NA,NA,2020-01-22,"Outside Hubei","Mainland China"
"Guangdong","Mainland China",2020-01-22 12:00:00,26,NA,NA,2020-01-22,"Outside Hubei","Mainland China"
"Guangxi","Mainland China",2020-01-22 12:00:00,2,NA,NA,2020-01-22,"Outside Hubei","Mainland China"
"Guizhou","Mainland China",2020-01-22 12:00:00,1,NA,NA,2020-01-22,"Outside Hubei","Mainland China"
"Hainan","Mainland China",2020-01-22 12:00:00,4,NA,NA,2020-01-22,"Outside Hubei","Mainland China"
"Hebei","Mainland China",2020-01-22 12:00:00,1,NA,NA,2020-01-22,"Outside Hubei","Mainland China"
"Heilongjiang","Mainland China",2020-01-22 12:00:00,NA,NA,NA,2020-01-22,"Outside Hubei","Mainland China"
"Henan","Mainland China",2020-01-22 12:00:00,5,NA,NA,2020-01-22,"Outside Hubei","Mainland China"
"Hong Kong","Mainland China",2020-01-22 12:00:00,NA,NA,NA,2020-01-22,"Outside Hubei","Mainland China"
"Hubei","Mainland China",2020-01-22 12:00:00,444,NA,NA,2020-01-22,"Hubei","Mainland China"
"Hunan","Mainland China",2020-01-22 12:00:00,4,NA,NA,2020-01-22,"Outside Hubei","Mainland China"
"Inner Mongolia","Mainland China",2020-01-22 12:00:00,NA,NA,NA,2020-01-22,"Outside Hubei","Mainland China"
"Jiangsu","Mainland China",2020-01-22 12:00:00,1,NA,NA,2020-01-22,"Outside Hubei","Mainland China"
"Jiangxi","Mainland China",2020-01-22 12:00:00,2,NA,NA,2020-01-22,"Outside Hubei","Mainland China"
"Jilin","Mainland China",2020-01-22 12:00:00,NA,NA,NA,2020-01-22,"Outside Hubei","Mainland China"
"Liaoning","Mainland China",2020-01-22 12:00:00,2,NA,NA,2020-01-22,"Outside Hubei","Mainland China"
"Macau","Mainland China",2020-01-22 12:00:00,1,NA,NA,2020-01-22,"Outside Hubei","Mainland China"
"Ningxia","Mainland China",2020-01-22 12:00:00,1,NA,NA,2020-01-22,"Outside Hubei","Mainland China"
"Qinghai","Mainland China",2020-01-22 12:00:00,NA,NA,NA,2020-01-22,"Outside Hubei","Mainland China"
"Shaanxi","Mainland China",2020-01-22 12:00:00,NA,NA,NA,2020-01-22,"Outside Hubei","Mainland China"
"Shandong","Mainland China",2020-01-22 12:00:00,2,NA,NA,2020-01-22,"Outside Hubei","Mainland China"
"Shanghai","Mainland China",2020-01-22 12:00:00,9,NA,NA,2020-01-22,"Outside Hubei","Mainland China"
"Shanxi","Mainland China",2020-01-22 12:00:00,1,NA,NA,2020-01-22,"Outside Hubei","Mainland China"
"Sichuan","Mainland China",2020-01-22 12:00:00,5,NA,NA,2020-01-22,"Outside Hubei","Mainland China"
"Taiwan","Mainland China",2020-01-22 12:00:00,1,NA,NA,2020-01-22,"Outside Hubei","Mainland China"
"Tianjin","Mainland China",2020-01-22 12:00:00,4,NA,NA,2020-01-22,"Outside Hubei","Mainland China"
"Tibet","Mainland China",2020-01-22 12:00:00,NA,NA,NA,2020-01-22,"Outside Hubei","Mainland China"
"Washington","US",2020-01-22 12:00:00,1,NA,NA,2020-01-22,"Outside Hubei","Outside China"
"Xinjiang","Mainland China",2020-01-22 12:00:00,NA,NA,NA,2020-01-22,"Outside Hubei","Mainland China"
"Yunnan","Mainland China",2020-01-22 12:00:00,1,NA,NA,2020-01-22,"Outside Hubei","Mainland China"
"Zhejiang","Mainland China",2020-01-22 12:00:00,10,NA,NA,2020-01-22,"Outside Hubei","Mainland China"
NA,"Japan",2020-01-22 12:00:00,2,NA,NA,2020-01-22,"Outside Hubei","Outside China"
NA,"Thailand",2020-01-22 12:00:00,2,NA,NA,2020-01-22,"Outside Hubei","Outside China"
NA,"South Korea",2020-01-22 12:00:00,1,NA,NA,2020-01-22,"Outside Hubei","Outside China"
"Shanghai","Mainland China",NA,9,NA,NA,2020-01-21,"Outside Hubei","Mainland China"
"Yunnan","Mainland China",NA,1,NA,NA,2020-01-21,"Outside Hubei","Mainland China"
"Beijing","Mainland China",NA,10,NA,NA,2020-01-21,"Outside Hubei","Mainland China"
"Taiwan","Mainland China",NA,1,NA,NA,2020-01-21,"Outside Hubei","Mainland China"
"Jilin","Mainland China",NA,NA,NA,NA,2020-01-21,"Outside Hubei","Mainland China"
"Sichuan","Mainland China",NA,2,NA,NA,2020-01-21,"Outside Hubei","Mainland China"
"Tianjin","Mainland China",NA,2,NA,NA,2020-01-21,"Outside Hubei","Mainland China"
"Ningxia","Mainland China",NA,NA,NA,NA,2020-01-21,"Outside Hubei","Mainland China"
"Anhui","Mainland China",NA,NA,NA,NA,2020-01-21,"Outside Hubei","Mainland China"
"Shandong","Mainland China",NA,1,NA,NA,2020-01-21,"Outside Hubei","Mainland China"
"Guangdong","Mainland China",NA,17,NA,NA,2020-01-21,"Outside Hubei","Mainland China"
"Guangxi","Mainland China",NA,NA,NA,NA,2020-01-21,"Outside Hubei","Mainland China"
"Jiangxi","Mainland China",NA,2,NA,NA,2020-01-21,"Outside Hubei","Mainland China"
"Henan","Mainland China",NA,1,NA,NA,2020-01-21,"Outside Hubei","Mainland China"
"Zhejiang","Mainland China",NA,5,NA,NA,2020-01-21,"Outside Hubei","Mainland China"
"Hainan","Mainland China",NA,NA,NA,NA,2020-01-21,"Outside Hubei","Mainland China"
"Hubei","Mainland China",NA,270,NA,NA,2020-01-21,"Hubei","Mainland China"
"Hunan","Mainland China",NA,1,NA,NA,2020-01-21,"Outside Hubei","Mainland China"
"Guizhou","Mainland China",NA,NA,NA,NA,2020-01-21,"Outside Hubei","Mainland China"
"Liaoning","Mainland China",NA,NA,NA,NA,2020-01-21,"Outside Hubei","Mainland China"
"Chongqing","Mainland China",NA,5,NA,NA,2020-01-21,"Outside Hubei","Mainland China"
"Hong Kong","Mainland China",NA,NA,NA,NA,2020-01-21,"Outside Hubei","Mainland China"
"Heilongjiang","Mainland China",NA,NA,NA,NA,2020-01-21,"Outside Hubei","Mainland China"
NA,"Japan",NA,1,NA,NA,2020-01-21,"Outside Hubei","Outside China"
NA,"Thailand",NA,2,NA,NA,2020-01-21,"Outside Hubei","Outside China"
NA,"South Korea",NA,1,NA,NA,2020-01-21,"Outside Hubei","Outside China"
"Washington","US",NA,1,NA,NA,2020-01-21,"Outside Hubei","Outside China"
